id,Nathalie Arthaud,Nicolas Dupont-Aignan,Valérie Pecresse,Anne Hidalgo,Yannick Jadot,Eric Zemmour,Fabien Roussel,Jean Lassalle,Marine Le Pen,Emmanuel Macron,Jean-Luc Mélenchon,Philippe Poutou
1,0.0,-1.0,-1.0,0.0,1.0,-1.0,1.0,0.0,-1.0,0.0,2.0,1.0
3,-1.0,1.0,2.0,-1.0,1.0,0.0,-1.0,0.0,2.0,2.0,-1.0,-1.0
4,-1.0,-1.0,0.0,0.0,2.0,-1.0,0.0,0.0,-1.0,2.0,0.0,-1.0
6,-1.0,0.0,1.0,1.0,2.0,-1.0,1.0,0.0,-1.0,1.0,1.0,0.0
11,-1.0,-1.0,-1.0,1.0,1.0,-1.0,0.0,0.0,-1.0,-1.0,2.0,1.0
13,-1.0,-1.0,0.0,0.0,1.0,-1.0,-1.0,0.0,-1.0,2.0,0.0,0.0
16,1.0,-1.0,0.0,0.0,1.0,-1.0,1.0,0.0,-1.0,-1.0,2.0,1.0
18,-1.0,-1.0,-1.0,0.0,1.0,-1.0,2.0,-1.0,-1.0,0.0,1.0,1.0
19,0.0,0.0,-1.0,1.0,1.0,-1.0,2.0,0.0,-1.0,0.0,1.0,0.0
21,-1.0,-1.0,0.0,1.0,0.0,-1.0,0.0,1.0,-1.0,1.0,-1.0,-1.0
22,1.0,0.0,0.0,2.0,2.0,-1.0,2.0,0.0,-1.0,-1.0,2.0,2.0
29,1.0,-1.0,0.0,1.0,2.0,-1.0,2.0,-1.0,-1.0,0.0,2.0,0.0
30,0.0,-1.0,0.0,1.0,1.0,-1.0,0.0,0.0,-1.0,2.0,2.0,0.0
31,0.0,-1.0,-1.0,0.0,2.0,-1.0,1.0,0.0,-1.0,-1.0,2.0,1.0
32,-1.0,-1.0,-1.0,-1.0,1.0,-1.0,1.0,-1.0,-1.0,0.0,2.0,0.0
33,-1.0,0.0,0.0,-1.0,-1.0,1.0,-1.0,-1.0,2.0,1.0,-1.0,-1.0
34,,-1.0,-1.0,0.0,1.0,,0.0,-1.0,-1.0,-1.0,1.0,0.0
35,-1.0,1.0,2.0,1.0,0.0,-1.0,0.0,1.0,1.0,2.0,0.0,0.0
42,-1.0,-1.0,0.0,1.0,2.0,-1.0,0.0,-1.0,-1.0,-1.0,1.0,1.0
43,-1.0,-1.0,1.0,0.0,1.0,-1.0,2.0,-1.0,-1.0,2.0,0.0,1.0
45,1.0,-1.0,-1.0,0.0,1.0,-1.0,1.0,0.0,-1.0,-1.0,2.0,1.0
49,1.0,-1.0,-1.0,1.0,2.0,-1.0,1.0,0.0,-1.0,-1.0,2.0,1.0
53,-1.0,-1.0,1.0,0.0,1.0,-1.0,0.0,0.0,-1.0,2.0,-1.0,-1.0
56,1.0,-1.0,-1.0,-1.0,0.0,-1.0,0.0,0.0,-1.0,-1.0,2.0,1.0
64,0.0,-1.0,-1.0,0.0,1.0,-1.0,0.0,0.0,-1.0,-1.0,2.0,0.0
70,0.0,-1.0,-1.0,1.0,2.0,-1.0,1.0,-1.0,-1.0,-1.0,1.0,2.0
73,1.0,-1.0,-1.0,0.0,0.0,-1.0,1.0,0.0,-1.0,-1.0,2.0,2.0
76,-1.0,-1.0,1.0,0.0,-1.0,-1.0,-1.0,-1.0,-1.0,2.0,-1.0,-1.0
78,0.0,-1.0,-1.0,1.0,2.0,-1.0,1.0,0.0,-1.0,0.0,2.0,1.0
79,0.0,-1.0,0.0,1.0,2.0,-1.0,2.0,0.0,-1.0,-1.0,2.0,0.0
80,-1.0,-1.0,0.0,1.0,2.0,,0.0,-1.0,-1.0,1.0,1.0,0.0
83,2.0,-1.0,-1.0,-1.0,0.0,-1.0,-1.0,-1.0,-1.0,-1.0,1.0,2.0
85,1.0,-1.0,-1.0,0.0,0.0,-1.0,2.0,-1.0,-1.0,-1.0,1.0,1.0
87,1.0,-1.0,-1.0,0.0,1.0,-1.0,1.0,-1.0,-1.0,-1.0,2.0,1.0
89,0.0,1.0,-1.0,-1.0,0.0,2.0,-1.0,2.0,2.0,1.0,0.0,0.0
93,-1.0,-1.0,0.0,2.0,1.0,-1.0,1.0,0.0,-1.0,1.0,1.0,0.0
96,0.0,-1.0,-1.0,1.0,2.0,-1.0,0.0,0.0,-1.0,0.0,1.0,0.0
98,-1.0,-1.0,0.0,0.0,0.0,-1.0,0.0,-1.0,-1.0,1.0,,-1.0
100,-1.0,-1.0,1.0,1.0,1.0,-1.0,0.0,0.0,-1.0,2.0,0.0,-1.0
108,0.0,0.0,0.0,2.0,2.0,-1.0,0.0,0.0,0.0,2.0,2.0,0.0
110,1.0,-1.0,0.0,2.0,2.0,-1.0,0.0,-1.0,-1.0,1.0,0.0,0.0
118,2.0,,,,0.0,,,,,,1.0,2.0
119,0.0,-1.0,-1.0,2.0,1.0,-1.0,1.0,-1.0,-1.0,0.0,1.0,0.0
120,1.0,-1.0,-1.0,1.0,2.0,-1.0,2.0,-1.0,-1.0,0.0,1.0,1.0
122,0.0,0.0,,1.0,2.0,-1.0,2.0,0.0,-1.0,-1.0,1.0,1.0
123,,,1.0,1.0,0.0,,,,,2.0,,
127,1.0,-1.0,-1.0,0.0,1.0,-1.0,1.0,-1.0,-1.0,-1.0,2.0,2.0
132,0.0,-1.0,2.0,0.0,2.0,-1.0,1.0,0.0,-1.0,1.0,2.0,-1.0
133,-1.0,-1.0,0.0,0.0,0.0,-1.0,0.0,-1.0,-1.0,2.0,1.0,-1.0
135,-1.0,0.0,-1.0,1.0,1.0,-1.0,0.0,0.0,-1.0,1.0,0.0,-1.0
137,-1.0,-1.0,1.0,1.0,1.0,-1.0,0.0,-1.0,-1.0,2.0,-1.0,-1.0
138,2.0,-1.0,-1.0,1.0,1.0,-1.0,0.0,-1.0,-1.0,0.0,2.0,2.0
142,0.0,-1.0,-1.0,0.0,0.0,-1.0,-1.0,0.0,-1.0,-1.0,1.0,2.0
143,0.0,-1.0,0.0,2.0,2.0,-1.0,0.0,0.0,-1.0,1.0,-1.0,-1.0
144,0.0,-1.0,-1.0,1.0,0.0,-1.0,1.0,-1.0,-1.0,-1.0,2.0,2.0
145,0.0,0.0,-1.0,0.0,1.0,-1.0,0.0,0.0,-1.0,-1.0,2.0,0.0
147,0.0,-1.0,-1.0,0.0,0.0,-1.0,0.0,-1.0,-1.0,-1.0,2.0,2.0
149,0.0,-1.0,0.0,1.0,2.0,-1.0,0.0,0.0,-1.0,2.0,1.0,1.0
150,-1.0,-1.0,-1.0,1.0,2.0,-1.0,-1.0,-1.0,-1.0,1.0,0.0,-1.0
156,-1.0,0.0,1.0,0.0,0.0,-1.0,1.0,1.0,-1.0,1.0,-1.0,-1.0
158,,0.0,0.0,0.0,1.0,-1.0,1.0,-1.0,-1.0,-1.0,2.0,1.0
163,-1.0,-1.0,2.0,1.0,-1.0,1.0,1.0,0.0,1.0,1.0,0.0,-1.0
165,1.0,-1.0,-1.0,0.0,1.0,-1.0,1.0,-1.0,-1.0,-1.0,2.0,1.0
166,0.0,-1.0,0.0,0.0,,-1.0,1.0,,-1.0,-1.0,2.0,2.0
168,0.0,-1.0,0.0,0.0,0.0,-1.0,0.0,0.0,-1.0,-1.0,1.0,2.0
170,1.0,-1.0,-1.0,1.0,1.0,-1.0,1.0,1.0,-1.0,-1.0,1.0,2.0
172,1.0,-1.0,-1.0,-1.0,0.0,-1.0,-1.0,-1.0,-1.0,-1.0,2.0,1.0
176,1.0,-1.0,-1.0,-1.0,1.0,-1.0,1.0,-1.0,-1.0,-1.0,1.0,2.0
180,-1.0,1.0,1.0,-1.0,-1.0,2.0,-1.0,0.0,2.0,-1.0,-1.0,-1.0
182,-1.0,-1.0,0.0,2.0,1.0,-1.0,2.0,0.0,-1.0,0.0,1.0,1.0
183,-1.0,-1.0,0.0,1.0,1.0,-1.0,-1.0,-1.0,-1.0,2.0,1.0,-1.0
185,1.0,-1.0,-1.0,0.0,1.0,-1.0,1.0,-1.0,-1.0,0.0,2.0,0.0
186,1.0,0.0,-1.0,1.0,1.0,-1.0,2.0,1.0,-1.0,-1.0,2.0,1.0
189,-1.0,-1.0,0.0,-1.0,0.0,-1.0,1.0,-1.0,1.0,-1.0,-1.0,-1.0
194,-1.0,1.0,1.0,-1.0,0.0,-1.0,1.0,2.0,2.0,-1.0,2.0,0.0
196,0.0,0.0,0.0,1.0,2.0,-1.0,2.0,0.0,-1.0,0.0,2.0,1.0
200,2.0,-1.0,-1.0,1.0,1.0,-1.0,2.0,0.0,-1.0,-1.0,2.0,2.0
203,1.0,0.0,-1.0,-1.0,0.0,-1.0,0.0,0.0,-1.0,-1.0,2.0,2.0
204,0.0,-1.0,-1.0,-1.0,1.0,-1.0,2.0,0.0,-1.0,-1.0,2.0,1.0
205,0.0,,,,0.0,,0.0,,,,1.0,2.0
207,0.0,-1.0,-1.0,0.0,1.0,-1.0,0.0,-1.0,-1.0,0.0,2.0,1.0
211,0.0,-1.0,-1.0,-1.0,0.0,-1.0,-1.0,-1.0,-1.0,-1.0,1.0,2.0
214,1.0,-1.0,-1.0,-1.0,0.0,-1.0,0.0,0.0,-1.0,-1.0,2.0,1.0
218,1.0,-1.0,-1.0,0.0,0.0,-1.0,0.0,0.0,-1.0,0.0,2.0,1.0
221,-1.0,-1.0,-1.0,0.0,-1.0,-1.0,0.0,-1.0,-1.0,1.0,-1.0,-1.0
223,0.0,-1.0,-1.0,0.0,1.0,-1.0,2.0,-1.0,-1.0,-1.0,2.0,2.0
227,0.0,-1.0,-1.0,0.0,1.0,-1.0,1.0,-1.0,-1.0,0.0,2.0,1.0
230,-1.0,-1.0,0.0,0.0,0.0,-1.0,0.0,-1.0,1.0,-1.0,1.0,1.0
231,1.0,-1.0,-1.0,0.0,1.0,-1.0,1.0,-1.0,-1.0,-1.0,2.0,2.0
232,0.0,-1.0,-1.0,1.0,-1.0,-1.0,2.0,,-1.0,-1.0,1.0,1.0
236,1.0,-1.0,-1.0,-1.0,0.0,-1.0,0.0,-1.0,-1.0,-1.0,2.0,2.0
237,1.0,-1.0,0.0,0.0,1.0,-1.0,0.0,0.0,-1.0,-1.0,2.0,2.0
238,,,0.0,1.0,,,2.0,,,1.0,,
240,-1.0,-1.0,1.0,1.0,0.0,-1.0,0.0,0.0,-1.0,2.0,-1.0,-1.0
242,0.0,-1.0,-1.0,2.0,2.0,-1.0,1.0,-1.0,-1.0,0.0,2.0,1.0
245,2.0,-1.0,-1.0,0.0,-1.0,-1.0,2.0,1.0,-1.0,-1.0,2.0,2.0
246,-1.0,-1.0,-1.0,1.0,2.0,-1.0,1.0,0.0,-1.0,0.0,1.0,1.0
247,0.0,-1.0,-1.0,1.0,1.0,-1.0,1.0,0.0,-1.0,0.0,2.0,2.0
249,2.0,-1.0,-1.0,0.0,1.0,-1.0,0.0,0.0,-1.0,-1.0,2.0,2.0
252,0.0,-1.0,0.0,1.0,1.0,-1.0,-1.0,0.0,-1.0,-1.0,1.0,0.0
254,2.0,0.0,-1.0,0.0,0.0,-1.0,1.0,0.0,-1.0,-1.0,2.0,2.0
256,0.0,-1.0,-1.0,0.0,1.0,-1.0,0.0,0.0,-1.0,-1.0,2.0,2.0
261,0.0,-1.0,-1.0,0.0,1.0,-1.0,2.0,-1.0,-1.0,0.0,2.0,1.0
264,1.0,-1.0,-1.0,0.0,1.0,-1.0,-1.0,-1.0,-1.0,-1.0,1.0,2.0
266,0.0,0.0,-1.0,-1.0,-1.0,-1.0,1.0,2.0,1.0,-1.0,0.0,-1.0
267,1.0,,,0.0,1.0,,1.0,,,,1.0,2.0
268,1.0,,,,,,1.0,,,,2.0,2.0
272,-1.0,-1.0,1.0,0.0,0.0,1.0,0.0,0.0,1.0,0.0,1.0,-1.0
275,0.0,-1.0,-1.0,1.0,0.0,-1.0,0.0,-1.0,-1.0,-1.0,2.0,2.0
277,1.0,-1.0,0.0,0.0,0.0,-1.0,1.0,-1.0,-1.0,-1.0,2.0,2.0
278,1.0,-1.0,-1.0,0.0,0.0,-1.0,2.0,0.0,-1.0,0.0,1.0,2.0
280,0.0,-1.0,-1.0,0.0,1.0,-1.0,1.0,-1.0,-1.0,0.0,1.0,0.0
281,1.0,-1.0,-1.0,0.0,1.0,1.0,2.0,1.0,0.0,-1.0,1.0,1.0
282,2.0,-1.0,-1.0,1.0,0.0,-1.0,1.0,-1.0,-1.0,0.0,1.0,2.0
285,2.0,-1.0,-1.0,0.0,1.0,-1.0,0.0,-1.0,-1.0,-1.0,2.0,2.0
287,2.0,,,,1.0,,1.0,,,,2.0,2.0
289,1.0,-1.0,-1.0,0.0,0.0,-1.0,1.0,-1.0,-1.0,-1.0,2.0,2.0
290,-1.0,-1.0,0.0,0.0,1.0,-1.0,0.0,-1.0,-1.0,2.0,-1.0,-1.0
291,1.0,-1.0,0.0,0.0,1.0,-1.0,1.0,-1.0,-1.0,0.0,2.0,2.0
293,-1.0,-1.0,-1.0,2.0,2.0,-1.0,1.0,-1.0,-1.0,2.0,0.0,-1.0
295,0.0,-1.0,-1.0,1.0,2.0,-1.0,1.0,0.0,-1.0,-1.0,2.0,1.0
299,-1.0,-1.0,0.0,0.0,0.0,-1.0,0.0,0.0,-1.0,-1.0,-1.0,0.0
300,1.0,-1.0,-1.0,-1.0,0.0,-1.0,-1.0,-1.0,-1.0,-1.0,2.0,2.0
301,0.0,-1.0,0.0,1.0,1.0,-1.0,2.0,0.0,-1.0,0.0,1.0,1.0
303,,,,1.0,2.0,,1.0,,,,1.0,
304,1.0,-1.0,-1.0,0.0,1.0,-1.0,-1.0,-1.0,-1.0,-1.0,2.0,2.0
305,1.0,,,,,,,,,,2.0,2.0
306,-1.0,-1.0,0.0,0.0,1.0,-1.0,0.0,0.0,-1.0,2.0,-1.0,-1.0
308,1.0,-1.0,-1.0,-1.0,1.0,-1.0,0.0,0.0,-1.0,-1.0,1.0,2.0
310,1.0,-1.0,-1.0,-1.0,-1.0,2.0,2.0,0.0,1.0,-1.0,1.0,2.0
312,-1.0,-1.0,-1.0,1.0,1.0,-1.0,-1.0,-1.0,-1.0,-1.0,2.0,0.0
314,2.0,-1.0,-1.0,1.0,0.0,-1.0,2.0,-1.0,-1.0,-1.0,1.0,2.0
315,0.0,-1.0,-1.0,0.0,1.0,-1.0,2.0,-1.0,-1.0,0.0,2.0,1.0
316,0.0,-1.0,-1.0,0.0,1.0,-1.0,0.0,-1.0,-1.0,-1.0,0.0,2.0
319,1.0,-1.0,-1.0,2.0,2.0,-1.0,1.0,0.0,-1.0,1.0,2.0,1.0
324,2.0,0.0,0.0,0.0,1.0,-1.0,1.0,0.0,-1.0,0.0,1.0,2.0
328,1.0,-1.0,-1.0,0.0,1.0,-1.0,1.0,0.0,-1.0,-1.0,2.0,2.0
330,1.0,-1.0,-1.0,0.0,0.0,-1.0,1.0,0.0,-1.0,0.0,1.0,1.0
335,,,,,,,,,,,2.0,2.0
338,0.0,-1.0,-1.0,2.0,2.0,-1.0,1.0,-1.0,-1.0,0.0,1.0,1.0
344,1.0,-1.0,-1.0,1.0,0.0,-1.0,1.0,0.0,-1.0,-1.0,2.0,2.0
345,1.0,,,,1.0,,1.0,,,,2.0,2.0
346,0.0,-1.0,-1.0,0.0,1.0,-1.0,0.0,0.0,-1.0,-1.0,2.0,0.0
348,1.0,-1.0,-1.0,0.0,2.0,-1.0,0.0,-1.0,-1.0,0.0,2.0,1.0
349,-1.0,-1.0,1.0,1.0,0.0,-1.0,-1.0,-1.0,-1.0,2.0,-1.0,-1.0
351,,,,,,,,1.0,,,,
352,1.0,-1.0,-1.0,-1.0,0.0,-1.0,0.0,0.0,-1.0,-1.0,2.0,2.0
359,1.0,-1.0,-1.0,0.0,0.0,-1.0,-1.0,-1.0,-1.0,-1.0,1.0,2.0
360,1.0,-1.0,-1.0,0.0,0.0,-1.0,1.0,-1.0,-1.0,-1.0,2.0,2.0
362,1.0,-1.0,-1.0,0.0,1.0,-1.0,1.0,0.0,-1.0,-1.0,2.0,2.0
363,0.0,-1.0,1.0,1.0,1.0,-1.0,1.0,0.0,-1.0,0.0,1.0,0.0
364,0.0,-1.0,-1.0,0.0,2.0,-1.0,-1.0,0.0,-1.0,-1.0,2.0,1.0
366,0.0,,,0.0,1.0,,0.0,,,0.0,2.0,2.0
367,-1.0,-1.0,1.0,0.0,-1.0,-1.0,1.0,-1.0,-1.0,2.0,-1.0,-1.0
369,1.0,-1.0,0.0,1.0,2.0,-1.0,1.0,1.0,-1.0,-1.0,2.0,2.0
377,-1.0,-1.0,-1.0,0.0,1.0,-1.0,-1.0,-1.0,-1.0,-1.0,0.0,1.0
380,-1.0,-1.0,1.0,0.0,1.0,-1.0,-1.0,-1.0,-1.0,2.0,-1.0,-1.0
381,-1.0,-1.0,0.0,1.0,1.0,-1.0,-1.0,0.0,-1.0,0.0,1.0,0.0
387,1.0,-1.0,0.0,1.0,2.0,-1.0,1.0,0.0,-1.0,0.0,2.0,2.0
388,-1.0,-1.0,-1.0,1.0,2.0,-1.0,-1.0,-1.0,-1.0,0.0,0.0,-1.0
392,1.0,-1.0,-1.0,0.0,1.0,-1.0,1.0,0.0,-1.0,-1.0,2.0,2.0
394,1.0,-1.0,-1.0,0.0,0.0,-1.0,0.0,1.0,-1.0,-1.0,1.0,2.0
396,-1.0,-1.0,-1.0,0.0,0.0,-1.0,0.0,0.0,-1.0,-1.0,1.0,0.0
400,-1.0,,,0.0,,-1.0,1.0,2.0,,,0.0,
401,-1.0,1.0,2.0,-1.0,1.0,1.0,1.0,-1.0,2.0,2.0,-1.0,-1.0
403,0.0,-1.0,0.0,0.0,-1.0,-1.0,2.0,-1.0,-1.0,-1.0,1.0,1.0
404,-1.0,-1.0,-1.0,1.0,1.0,-1.0,0.0,0.0,-1.0,1.0,-1.0,-1.0
405,1.0,-1.0,-1.0,0.0,0.0,-1.0,0.0,-1.0,-1.0,-1.0,2.0,2.0
411,0.0,-1.0,0.0,2.0,2.0,-1.0,-1.0,-1.0,-1.0,1.0,1.0,0.0
413,0.0,0.0,0.0,2.0,1.0,-1.0,1.0,0.0,-1.0,0.0,2.0,1.0
417,-1.0,-1.0,0.0,-1.0,0.0,-1.0,2.0,2.0,-1.0,-1.0,0.0,-1.0
419,-1.0,-1.0,-1.0,0.0,0.0,-1.0,-1.0,-1.0,-1.0,-1.0,2.0,2.0
423,-1.0,1.0,0.0,2.0,0.0,-1.0,0.0,0.0,0.0,0.0,0.0,0.0
424,1.0,-1.0,-1.0,0.0,0.0,-1.0,1.0,-1.0,-1.0,-1.0,2.0,1.0
429,-1.0,-1.0,1.0,0.0,2.0,-1.0,1.0,-1.0,-1.0,1.0,-1.0,-1.0
430,1.0,-1.0,-1.0,1.0,1.0,-1.0,2.0,-1.0,-1.0,-1.0,2.0,1.0
435,1.0,-1.0,-1.0,1.0,1.0,-1.0,1.0,-1.0,-1.0,-1.0,2.0,1.0
437,1.0,-1.0,-1.0,1.0,2.0,-1.0,1.0,0.0,-1.0,0.0,2.0,2.0
438,1.0,0.0,0.0,0.0,1.0,0.0,1.0,1.0,-1.0,0.0,1.0,1.0
440,-1.0,1.0,0.0,-1.0,-1.0,1.0,0.0,1.0,1.0,-1.0,-1.0,0.0
441,0.0,0.0,0.0,1.0,2.0,-1.0,0.0,0.0,-1.0,1.0,2.0,0.0
442,0.0,-1.0,-1.0,1.0,2.0,-1.0,0.0,-1.0,-1.0,0.0,2.0,1.0
444,0.0,-1.0,-1.0,-1.0,1.0,-1.0,0.0,-1.0,-1.0,0.0,1.0,0.0
447,1.0,-1.0,0.0,1.0,2.0,-1.0,1.0,0.0,-1.0,0.0,2.0,2.0
448,0.0,-1.0,-1.0,1.0,2.0,-1.0,0.0,0.0,-1.0,0.0,1.0,0.0
449,0.0,-1.0,1.0,1.0,1.0,-1.0,1.0,0.0,-1.0,1.0,1.0,0.0
452,0.0,-1.0,0.0,0.0,1.0,-1.0,0.0,0.0,-1.0,0.0,1.0,0.0
453,1.0,-1.0,1.0,1.0,2.0,-1.0,1.0,-1.0,-1.0,-1.0,2.0,1.0
458,0.0,-1.0,-1.0,1.0,2.0,-1.0,1.0,0.0,-1.0,0.0,1.0,0.0
459,-1.0,-1.0,0.0,-1.0,-1.0,-1.0,0.0,-1.0,-1.0,2.0,-1.0,-1.0
460,0.0,-1.0,-1.0,1.0,2.0,-1.0,1.0,-1.0,-1.0,0.0,2.0,2.0
463,,,,2.0,1.0,,,,,0.0,0.0,
464,0.0,-1.0,-1.0,1.0,2.0,-1.0,1.0,-1.0,-1.0,0.0,2.0,1.0
466,-1.0,-1.0,0.0,-1.0,0.0,-1.0,-1.0,0.0,0.0,1.0,0.0,-1.0
467,-1.0,1.0,1.0,-1.0,0.0,2.0,0.0,0.0,1.0,1.0,0.0,-1.0
470,0.0,-1.0,1.0,1.0,2.0,-1.0,-1.0,1.0,-1.0,2.0,0.0,1.0
478,-1.0,-1.0,-1.0,0.0,-1.0,0.0,2.0,1.0,0.0,1.0,0.0,-1.0
480,1.0,-1.0,-1.0,1.0,1.0,-1.0,1.0,0.0,-1.0,-1.0,2.0,2.0
483,-1.0,-1.0,0.0,2.0,2.0,-1.0,-1.0,-1.0,-1.0,1.0,0.0,-1.0
484,1.0,-1.0,-1.0,0.0,2.0,-1.0,1.0,-1.0,-1.0,-1.0,1.0,2.0
489,-1.0,-1.0,-1.0,1.0,2.0,-1.0,-1.0,-1.0,-1.0,0.0,0.0,-1.0
492,0.0,-1.0,-1.0,2.0,2.0,-1.0,2.0,1.0,-1.0,0.0,0.0,2.0
494,-1.0,-1.0,0.0,1.0,1.0,-1.0,1.0,1.0,-1.0,2.0,0.0,-1.0
495,-1.0,-1.0,-1.0,2.0,2.0,-1.0,-1.0,-1.0,-1.0,1.0,2.0,0.0
498,0.0,1.0,0.0,0.0,0.0,-1.0,0.0,0.0,0.0,1.0,0.0,0.0
499,0.0,-1.0,-1.0,-1.0,0.0,-1.0,-1.0,-1.0,-1.0,-1.0,2.0,2.0
500,1.0,-1.0,-1.0,,2.0,1.0,2.0,1.0,-1.0,0.0,0.0,1.0
508,0.0,-1.0,-1.0,0.0,0.0,-1.0,0.0,-1.0,-1.0,1.0,2.0,0.0
509,1.0,-1.0,-1.0,0.0,1.0,-1.0,1.0,0.0,-1.0,-1.0,2.0,1.0
514,1.0,-1.0,-1.0,0.0,1.0,-1.0,0.0,-1.0,-1.0,-1.0,2.0,2.0
518,1.0,-1.0,-1.0,-1.0,1.0,-1.0,-1.0,-1.0,-1.0,-1.0,0.0,2.0
524,1.0,-1.0,-1.0,1.0,1.0,-1.0,1.0,-1.0,-1.0,0.0,1.0,2.0
525,0.0,-1.0,0.0,0.0,1.0,-1.0,2.0,-1.0,-1.0,0.0,1.0,0.0
527,1.0,-1.0,-1.0,1.0,2.0,-1.0,0.0,-1.0,-1.0,-1.0,1.0,2.0
530,1.0,1.0,0.0,1.0,0.0,1.0,1.0,2.0,1.0,-1.0,1.0,0.0
531,-1.0,-1.0,0.0,1.0,2.0,-1.0,1.0,0.0,-1.0,2.0,0.0,-1.0
533,1.0,,,0.0,1.0,,2.0,,,0.0,2.0,1.0
541,2.0,-1.0,-1.0,1.0,1.0,-1.0,1.0,0.0,-1.0,-1.0,2.0,2.0
545,-1.0,-1.0,1.0,0.0,1.0,-1.0,1.0,-1.0,-1.0,2.0,-1.0,-1.0
548,-1.0,0.0,0.0,-1.0,0.0,-1.0,0.0,-1.0,-1.0,1.0,-1.0,-1.0
550,0.0,0.0,0.0,2.0,0.0,-1.0,0.0,2.0,-1.0,1.0,1.0,0.0
560,0.0,1.0,-1.0,2.0,1.0,-1.0,1.0,1.0,-1.0,1.0,2.0,1.0
561,0.0,-1.0,-1.0,1.0,2.0,-1.0,1.0,0.0,-1.0,-1.0,2.0,2.0
562,1.0,-1.0,0.0,1.0,2.0,-1.0,1.0,0.0,-1.0,1.0,2.0,2.0
564,-1.0,-1.0,-1.0,-1.0,1.0,-1.0,1.0,0.0,-1.0,2.0,0.0,-1.0
565,0.0,-1.0,-1.0,-1.0,0.0,-1.0,1.0,0.0,-1.0,-1.0,2.0,0.0
566,-1.0,-1.0,-1.0,0.0,1.0,-1.0,-1.0,-1.0,-1.0,-1.0,2.0,2.0
568,0.0,-1.0,-1.0,1.0,1.0,-1.0,1.0,0.0,-1.0,0.0,1.0,1.0
572,,,,,0.0,,,,1.0,2.0,2.0,
573,-1.0,-1.0,-1.0,1.0,2.0,-1.0,1.0,-1.0,-1.0,-1.0,1.0,1.0
577,-1.0,-1.0,0.0,0.0,1.0,-1.0,0.0,-1.0,-1.0,1.0,0.0,-1.0
581,0.0,-1.0,0.0,1.0,2.0,-1.0,-1.0,-1.0,-1.0,0.0,0.0,-1.0
582,,,-1.0,,1.0,-1.0,,0.0,0.0,1.0,1.0,
584,1.0,-1.0,-1.0,0.0,2.0,-1.0,0.0,-1.0,-1.0,2.0,0.0,-1.0
586,-1.0,-1.0,-1.0,1.0,2.0,-1.0,0.0,-1.0,0.0,2.0,1.0,-1.0
587,-1.0,-1.0,0.0,0.0,1.0,-1.0,-1.0,-1.0,-1.0,-1.0,2.0,0.0
589,0.0,-1.0,0.0,0.0,2.0,-1.0,2.0,-1.0,-1.0,2.0,0.0,1.0
590,,,,1.0,2.0,,0.0,,,0.0,2.0,
593,0.0,0.0,0.0,1.0,2.0,-1.0,2.0,0.0,-1.0,1.0,1.0,0.0
594,-1.0,0.0,-1.0,0.0,1.0,-1.0,0.0,0.0,-1.0,1.0,2.0,1.0
595,0.0,,,1.0,1.0,,0.0,,,0.0,2.0,2.0
597,-1.0,-1.0,-1.0,1.0,1.0,-1.0,1.0,1.0,-1.0,1.0,0.0,0.0
599,1.0,-1.0,0.0,2.0,2.0,-1.0,1.0,0.0,-1.0,1.0,2.0,1.0
600,-1.0,-1.0,0.0,0.0,1.0,-1.0,0.0,0.0,-1.0,-1.0,2.0,0.0
605,,,0.0,0.0,0.0,,,,,2.0,,
606,-1.0,2.0,-1.0,-1.0,,0.0,-1.0,2.0,0.0,-1.0,-1.0,-1.0
607,0.0,-1.0,0.0,0.0,2.0,-1.0,1.0,-1.0,-1.0,-1.0,2.0,2.0
611,0.0,0.0,-1.0,0.0,0.0,-1.0,1.0,1.0,-1.0,-1.0,2.0,1.0
612,-1.0,-1.0,-1.0,0.0,1.0,-1.0,0.0,1.0,-1.0,-1.0,2.0,1.0
614,0.0,1.0,-1.0,-1.0,1.0,1.0,-1.0,1.0,2.0,-1.0,2.0,0.0
618,1.0,,,,1.0,,1.0,0.0,,,1.0,2.0
619,0.0,-1.0,0.0,2.0,2.0,-1.0,1.0,1.0,-1.0,-1.0,2.0,2.0
621,0.0,-1.0,0.0,0.0,1.0,-1.0,0.0,-1.0,-1.0,1.0,0.0,0.0
623,1.0,-1.0,-1.0,1.0,1.0,-1.0,1.0,-1.0,-1.0,0.0,2.0,2.0
624,-1.0,-1.0,-1.0,1.0,1.0,-1.0,1.0,-1.0,-1.0,1.0,-1.0,-1.0
625,0.0,-1.0,0.0,1.0,1.0,-1.0,-1.0,0.0,-1.0,2.0,0.0,
626,0.0,-1.0,-1.0,2.0,1.0,-1.0,1.0,-1.0,-1.0,0.0,-1.0,0.0
628,0.0,-1.0,-1.0,0.0,2.0,-1.0,1.0,0.0,-1.0,0.0,1.0,1.0
630,-1.0,-1.0,2.0,1.0,2.0,-1.0,1.0,-1.0,-1.0,1.0,2.0,-1.0
632,0.0,0.0,0.0,1.0,0.0,-1.0,0.0,-1.0,-1.0,1.0,2.0,-1.0
638,-1.0,-1.0,-1.0,2.0,2.0,-1.0,1.0,0.0,-1.0,1.0,1.0,-1.0
641,-1.0,-1.0,0.0,1.0,1.0,-1.0,0.0,-1.0,-1.0,2.0,0.0,-1.0
646,-1.0,-1.0,1.0,-1.0,2.0,-1.0,-1.0,1.0,-1.0,2.0,0.0,-1.0
647,-1.0,-1.0,-1.0,0.0,2.0,-1.0,0.0,-1.0,-1.0,0.0,-1.0,0.0
648,1.0,-1.0,-1.0,1.0,1.0,-1.0,0.0,0.0,-1.0,-1.0,2.0,2.0
649,-1.0,1.0,0.0,-1.0,-1.0,2.0,2.0,1.0,1.0,-1.0,0.0,-1.0
651,-1.0,-1.0,0.0,1.0,0.0,0.0,2.0,1.0,-1.0,-1.0,-1.0,-1.0
654,-1.0,-1.0,1.0,-1.0,-1.0,-1.0,-1.0,-1.0,-1.0,2.0,-1.0,-1.0
656,-1.0,-1.0,-1.0,1.0,2.0,-1.0,0.0,-1.0,-1.0,1.0,2.0,-1.0
657,0.0,-1.0,-1.0,1.0,2.0,-1.0,1.0,0.0,-1.0,-1.0,2.0,0.0
659,-1.0,-1.0,-1.0,-1.0,-1.0,-1.0,0.0,-1.0,-1.0,-1.0,-1.0,0.0
661,0.0,-1.0,-1.0,0.0,2.0,-1.0,0.0,-1.0,-1.0,-1.0,2.0,1.0
664,-1.0,1.0,0.0,-1.0,-1.0,2.0,0.0,2.0,1.0,0.0,-1.0,-1.0
666,-1.0,,0.0,2.0,2.0,-1.0,0.0,-1.0,-1.0,1.0,1.0,0.0
667,0.0,-1.0,1.0,1.0,1.0,-1.0,1.0,-1.0,-1.0,2.0,0.0,0.0
669,0.0,0.0,0.0,2.0,1.0,-1.0,0.0,0.0,-1.0,1.0,1.0,0.0
670,-1.0,-1.0,0.0,0.0,2.0,-1.0,0.0,0.0,-1.0,-1.0,1.0,-1.0
671,-1.0,-1.0,-1.0,-1.0,2.0,-1.0,1.0,-1.0,-1.0,1.0,-1.0,-1.0
673,-1.0,-1.0,0.0,1.0,2.0,-1.0,2.0,0.0,-1.0,0.0,0.0,0.0
675,1.0,-1.0,-1.0,1.0,2.0,-1.0,0.0,1.0,-1.0,-1.0,2.0,1.0
676,0.0,-1.0,-1.0,-1.0,1.0,-1.0,1.0,1.0,-1.0,-1.0,2.0,0.0
677,2.0,-1.0,-1.0,1.0,-1.0,-1.0,-1.0,-1.0,-1.0,-1.0,1.0,2.0
681,0.0,0.0,-1.0,2.0,2.0,-1.0,1.0,0.0,-1.0,0.0,1.0,1.0
685,1.0,0.0,-1.0,2.0,2.0,-1.0,2.0,1.0,-1.0,0.0,2.0,1.0
690,1.0,0.0,-1.0,0.0,2.0,-1.0,1.0,1.0,-1.0,-1.0,2.0,2.0
692,0.0,-1.0,-1.0,-1.0,1.0,-1.0,0.0,0.0,-1.0,-1.0,2.0,0.0
693,1.0,-1.0,-1.0,2.0,2.0,-1.0,1.0,0.0,-1.0,-1.0,2.0,1.0
696,1.0,-1.0,-1.0,1.0,1.0,-1.0,2.0,0.0,-1.0,0.0,2.0,2.0
698,,,,1.0,,,2.0,,,,2.0,1.0
699,0.0,-1.0,-1.0,1.0,2.0,-1.0,1.0,0.0,-1.0,0.0,2.0,1.0
700,1.0,-1.0,-1.0,1.0,1.0,-1.0,1.0,,,,2.0,2.0
704,-1.0,-1.0,1.0,-1.0,1.0,-1.0,-1.0,-1.0,-1.0,1.0,-1.0,-1.0
706,0.0,-1.0,-1.0,1.0,1.0,-1.0,0.0,-1.0,-1.0,-1.0,2.0,1.0
708,0.0,-1.0,-1.0,0.0,1.0,-1.0,0.0,-1.0,-1.0,0.0,2.0,1.0
710,1.0,-1.0,-1.0,0.0,0.0,-1.0,1.0,1.0,-1.0,-1.0,2.0,1.0
715,,,,,1.0,,,,,,2.0,1.0
718,0.0,-1.0,-1.0,0.0,1.0,-1.0,0.0,0.0,-1.0,-1.0,2.0,2.0
719,0.0,-1.0,-1.0,1.0,2.0,-1.0,0.0,-1.0,-1.0,0.0,1.0,1.0
720,-1.0,-1.0,1.0,0.0,1.0,-1.0,-1.0,1.0,-1.0,2.0,-1.0,-1.0
721,-1.0,-1.0,2.0,1.0,0.0,-1.0,-1.0,2.0,-1.0,2.0,-1.0,-1.0
731,0.0,0.0,0.0,0.0,0.0,0.0,0.0,0.0,0.0,0.0,0.0,0.0
732,-1.0,-1.0,-1.0,2.0,2.0,-1.0,1.0,0.0,-1.0,0.0,2.0,2.0
736,0.0,-1.0,-1.0,1.0,2.0,-1.0,0.0,0.0,-1.0,-1.0,2.0,1.0
737,-1.0,-1.0,0.0,1.0,2.0,-1.0,1.0,-1.0,-1.0,0.0,2.0,-1.0
741,-1.0,-1.0,-1.0,0.0,0.0,-1.0,-1.0,-1.0,-1.0,2.0,1.0,-1.0
742,1.0,-1.0,0.0,1.0,2.0,-1.0,1.0,-1.0,-1.0,0.0,2.0,2.0
746,1.0,-1.0,-1.0,1.0,2.0,-1.0,1.0,0.0,-1.0,0.0,2.0,2.0
748,0.0,,,,0.0,,1.0,,,,2.0,2.0
749,0.0,0.0,0.0,1.0,1.0,-1.0,0.0,0.0,-1.0,2.0,1.0,-1.0
750,1.0,-1.0,-1.0,0.0,1.0,-1.0,1.0,0.0,-1.0,-1.0,2.0,2.0
754,-1.0,-1.0,0.0,1.0,2.0,-1.0,1.0,-1.0,-1.0,0.0,2.0,0.0
755,1.0,1.0,-1.0,-1.0,-1.0,0.0,-1.0,2.0,-1.0,-1.0,-1.0,1.0
758,1.0,-1.0,-1.0,1.0,1.0,-1.0,1.0,1.0,-1.0,-1.0,2.0,1.0
759,1.0,-1.0,-1.0,1.0,1.0,-1.0,1.0,0.0,-1.0,1.0,2.0,2.0
763,0.0,-1.0,-1.0,-1.0,1.0,-1.0,-1.0,-1.0,-1.0,-1.0,2.0,0.0
764,-1.0,-1.0,1.0,0.0,1.0,-1.0,0.0,1.0,-1.0,2.0,-1.0,-1.0
766,,,,,2.0,,1.0,,,,2.0,1.0
770,0.0,-1.0,-1.0,-1.0,0.0,-1.0,1.0,2.0,-1.0,0.0,2.0,1.0
772,0.0,-1.0,0.0,2.0,2.0,-1.0,0.0,-1.0,-1.0,1.0,2.0,0.0
773,,,,1.0,2.0,,,,,,2.0,
774,-1.0,0.0,0.0,-1.0,1.0,1.0,,0.0,0.0,2.0,-1.0,-1.0
775,0.0,0.0,1.0,0.0,1.0,-1.0,0.0,0.0,-1.0,2.0,1.0,0.0
776,,,,2.0,1.0,,,,,2.0,2.0,0.0
777,-1.0,-1.0,1.0,0.0,1.0,-1.0,0.0,-1.0,-1.0,2.0,1.0,-1.0
782,,,,-1.0,0.0,,,,,,1.0,
791,1.0,-1.0,,1.0,1.0,-1.0,0.0,0.0,-1.0,-1.0,2.0,2.0
793,-1.0,-1.0,-1.0,1.0,2.0,-1.0,-1.0,-1.0,-1.0,0.0,2.0,0.0
795,,,,2.0,2.0,,1.0,,,0.0,1.0,
797,0.0,-1.0,-1.0,1.0,2.0,-1.0,-1.0,-1.0,-1.0,-1.0,2.0,0.0
800,0.0,-1.0,-1.0,1.0,0.0,-1.0,-1.0,-1.0,-1.0,-1.0,2.0,1.0
801,-1.0,-1.0,0.0,1.0,2.0,-1.0,0.0,0.0,-1.0,1.0,0.0,0.0
805,-1.0,-1.0,-1.0,0.0,1.0,-1.0,1.0,1.0,-1.0,1.0,2.0,1.0
806,1.0,,,0.0,2.0,,0.0,,,,2.0,1.0
812,0.0,-1.0,-1.0,0.0,1.0,-1.0,1.0,0.0,-1.0,0.0,2.0,1.0
814,,,1.0,1.0,1.0,,,,,2.0,1.0,
817,1.0,-1.0,0.0,1.0,1.0,-1.0,0.0,1.0,-1.0,-1.0,2.0,2.0
819,1.0,-1.0,0.0,2.0,1.0,-1.0,1.0,0.0,-1.0,-1.0,0.0,1.0
824,0.0,-1.0,-1.0,0.0,1.0,-1.0,0.0,-1.0,-1.0,-1.0,1.0,2.0
828,0.0,-1.0,0.0,1.0,0.0,-1.0,1.0,0.0,-1.0,0.0,2.0,1.0
830,2.0,-1.0,-1.0,-1.0,1.0,-1.0,1.0,0.0,-1.0,-1.0,0.0,2.0
832,0.0,-1.0,0.0,1.0,2.0,-1.0,0.0,0.0,-1.0,0.0,2.0,0.0
833,0.0,1.0,0.0,-1.0,-1.0,1.0,-1.0,1.0,2.0,-1.0,-1.0,0.0
835,2.0,-1.0,-1.0,-1.0,1.0,-1.0,1.0,-1.0,-1.0,-1.0,2.0,2.0
839,2.0,-1.0,-1.0,0.0,0.0,-1.0,1.0,-1.0,-1.0,-1.0,2.0,2.0
846,-1.0,-1.0,-1.0,-1.0,1.0,-1.0,0.0,-1.0,-1.0,-1.0,2.0,0.0
849,-1.0,0.0,0.0,1.0,1.0,0.0,-1.0,1.0,0.0,1.0,2.0,-1.0
850,1.0,0.0,-1.0,0.0,1.0,-1.0,0.0,1.0,1.0,1.0,2.0,1.0
852,2.0,-1.0,-1.0,2.0,0.0,-1.0,1.0,-1.0,-1.0,0.0,1.0,0.0
855,0.0,-1.0,-1.0,-1.0,1.0,-1.0,-1.0,-1.0,-1.0,0.0,2.0,1.0
857,1.0,,0.0,0.0,0.0,-1.0,0.0,0.0,-1.0,-1.0,2.0,2.0
859,-1.0,-1.0,0.0,0.0,1.0,-1.0,0.0,-1.0,-1.0,1.0,0.0,0.0
862,1.0,0.0,-1.0,0.0,1.0,-1.0,1.0,1.0,-1.0,-1.0,2.0,1.0
863,2.0,-1.0,-1.0,0.0,0.0,-1.0,1.0,0.0,-1.0,-1.0,1.0,1.0
864,-1.0,0.0,-1.0,0.0,-1.0,0.0,-1.0,1.0,2.0,-1.0,2.0,2.0
865,-1.0,-1.0,2.0,-1.0,1.0,2.0,-1.0,0.0,0.0,2.0,0.0,-1.0
869,1.0,-1.0,-1.0,-1.0,0.0,-1.0,-1.0,0.0,-1.0,-1.0,2.0,2.0
871,1.0,-1.0,-1.0,1.0,1.0,-1.0,0.0,1.0,-1.0,-1.0,2.0,2.0
872,1.0,-1.0,0.0,0.0,1.0,-1.0,0.0,0.0,-1.0,0.0,2.0,1.0
876,1.0,,,,,,,,,,1.0,2.0
877,-1.0,-1.0,0.0,2.0,2.0,-1.0,0.0,-1.0,-1.0,1.0,1.0,-1.0
881,-1.0,-1.0,-1.0,1.0,2.0,-1.0,1.0,-1.0,-1.0,0.0,2.0,-1.0
882,-1.0,-1.0,1.0,-1.0,-1.0,2.0,-1.0,-1.0,-1.0,0.0,-1.0,-1.0
884,0.0,-1.0,1.0,2.0,2.0,-1.0,0.0,0.0,-1.0,2.0,1.0,0.0
886,0.0,-1.0,,1.0,2.0,-1.0,-1.0,0.0,-1.0,1.0,0.0,0.0
887,-1.0,0.0,,-1.0,1.0,-1.0,2.0,0.0,0.0,2.0,1.0,-1.0
888,0.0,-1.0,-1.0,-1.0,1.0,-1.0,-1.0,-1.0,-1.0,-1.0,2.0,2.0
889,0.0,-1.0,-1.0,1.0,2.0,-1.0,1.0,0.0,-1.0,-1.0,2.0,1.0
890,1.0,-1.0,-1.0,1.0,1.0,-1.0,0.0,0.0,-1.0,-1.0,2.0,2.0
896,0.0,-1.0,-1.0,0.0,0.0,-1.0,1.0,0.0,-1.0,-1.0,2.0,1.0
899,-1.0,-1.0,0.0,2.0,1.0,-1.0,0.0,-1.0,-1.0,2.0,-1.0,-1.0
904,1.0,-1.0,-1.0,1.0,2.0,-1.0,0.0,-1.0,-1.0,-1.0,2.0,1.0
908,2.0,0.0,0.0,1.0,2.0,-1.0,1.0,1.0,-1.0,-1.0,2.0,2.0
910,0.0,0.0,0.0,1.0,2.0,-1.0,-1.0,0.0,-1.0,0.0,-1.0,-1.0
912,,,,,,,,,,,2.0,1.0
913,,,,0.0,2.0,,,0.0,,0.0,2.0,
914,2.0,-1.0,-1.0,1.0,1.0,-1.0,2.0,0.0,-1.0,-1.0,2.0,2.0
915,-1.0,,-1.0,0.0,2.0,-1.0,-1.0,-1.0,-1.0,1.0,1.0,-1.0
918,-1.0,1.0,1.0,-1.0,0.0,1.0,0.0,0.0,1.0,2.0,0.0,-1.0
919,-1.0,-1.0,0.0,0.0,1.0,-1.0,-1.0,0.0,-1.0,1.0,1.0,1.0
923,0.0,-1.0,-1.0,1.0,2.0,-1.0,2.0,-1.0,-1.0,0.0,2.0,0.0
924,0.0,2.0,,-1.0,-1.0,1.0,-1.0,2.0,2.0,-1.0,1.0,-1.0
927,2.0,-1.0,-1.0,-1.0,0.0,-1.0,0.0,0.0,-1.0,-1.0,0.0,0.0
933,0.0,0.0,1.0,1.0,2.0,-1.0,0.0,1.0,0.0,0.0,1.0,1.0
934,1.0,-1.0,0.0,1.0,2.0,-1.0,1.0,1.0,-1.0,-1.0,2.0,1.0
935,0.0,-1.0,0.0,2.0,2.0,-1.0,0.0,0.0,-1.0,1.0,0.0,0.0
936,1.0,-1.0,-1.0,1.0,1.0,-1.0,1.0,0.0,-1.0,-1.0,2.0,2.0
937,2.0,-1.0,-1.0,0.0,0.0,-1.0,1.0,0.0,-1.0,-1.0,2.0,2.0
939,2.0,-1.0,-1.0,-1.0,1.0,-1.0,0.0,-1.0,-1.0,-1.0,1.0,2.0
941,1.0,-1.0,-1.0,2.0,2.0,-1.0,2.0,0.0,-1.0,0.0,2.0,1.0
943,2.0,-1.0,-1.0,0.0,1.0,-1.0,1.0,-1.0,-1.0,0.0,2.0,2.0
945,-1.0,-1.0,0.0,1.0,2.0,-1.0,0.0,0.0,-1.0,2.0,0.0,0.0
953,0.0,-1.0,-1.0,0.0,1.0,-1.0,1.0,1.0,-1.0,-1.0,2.0,1.0
955,-1.0,2.0,1.0,-1.0,0.0,0.0,1.0,2.0,1.0,-1.0,0.0,-1.0
960,1.0,-1.0,-1.0,0.0,1.0,-1.0,1.0,0.0,-1.0,-1.0,2.0,2.0
961,1.0,-1.0,-1.0,1.0,2.0,-1.0,1.0,-1.0,-1.0,-1.0,2.0,2.0
967,1.0,,,1.0,1.0,,1.0,,,,1.0,2.0
968,1.0,-1.0,-1.0,0.0,1.0,-1.0,1.0,0.0,-1.0,0.0,2.0,1.0
970,-1.0,-1.0,-1.0,0.0,2.0,-1.0,0.0,1.0,-1.0,-1.0,2.0,2.0
971,-1.0,-1.0,0.0,1.0,2.0,-1.0,2.0,1.0,-1.0,-1.0,-1.0,-1.0
972,1.0,-1.0,-1.0,-1.0,,-1.0,0.0,0.0,-1.0,-1.0,2.0,1.0
974,-1.0,-1.0,1.0,2.0,2.0,-1.0,0.0,0.0,-1.0,2.0,1.0,0.0
976,,,,2.0,2.0,,,,,0.0,1.0,
978,2.0,-1.0,-1.0,-1.0,-1.0,-1.0,-1.0,-1.0,-1.0,-1.0,2.0,2.0
980,2.0,-1.0,-1.0,-1.0,0.0,-1.0,0.0,-1.0,-1.0,-1.0,1.0,2.0
984,,-1.0,0.0,-1.0,,-1.0,,1.0,-1.0,1.0,1.0,
985,1.0,0.0,0.0,0.0,0.0,-1.0,1.0,1.0,1.0,-1.0,2.0,1.0
988,1.0,-1.0,-1.0,0.0,1.0,-1.0,1.0,-1.0,-1.0,-1.0,2.0,2.0
991,1.0,-1.0,0.0,0.0,1.0,-1.0,2.0,-1.0,-1.0,0.0,1.0,2.0
996,1.0,-1.0,-1.0,1.0,0.0,-1.0,0.0,-1.0,-1.0,0.0,0.0,2.0
997,-1.0,-1.0,1.0,-1.0,1.0,-1.0,-1.0,0.0,-1.0,1.0,2.0,-1.0
999,-1.0,-1.0,-1.0,1.0,0.0,-1.0,-1.0,-1.0,-1.0,-1.0,2.0,1.0
1002,-1.0,-1.0,-1.0,-1.0,1.0,-1.0,-1.0,-1.0,-1.0,-1.0,2.0,2.0
1003,2.0,-1.0,-1.0,0.0,1.0,-1.0,0.0,-1.0,-1.0,-1.0,2.0,2.0
1005,1.0,-1.0,-1.0,0.0,1.0,-1.0,0.0,0.0,-1.0,-1.0,2.0,2.0
1008,1.0,,,1.0,1.0,,1.0,,,0.0,2.0,2.0
1009,2.0,-1.0,-1.0,1.0,2.0,-1.0,0.0,0.0,-1.0,-1.0,1.0,2.0
1010,2.0,-1.0,-1.0,0.0,1.0,-1.0,1.0,0.0,-1.0,-1.0,1.0,2.0
1016,0.0,-1.0,0.0,1.0,1.0,0.0,2.0,0.0,0.0,1.0,1.0,0.0
1018,1.0,,,,,,,,,,2.0,2.0
1020,-1.0,-1.0,-1.0,2.0,1.0,-1.0,1.0,-1.0,0.0,0.0,2.0,-1.0
1022,1.0,,,,2.0,,1.0,,,,2.0,2.0
1024,1.0,,-1.0,-1.0,0.0,,-1.0,,,,2.0,1.0
1025,0.0,-1.0,0.0,1.0,2.0,-1.0,1.0,0.0,-1.0,-1.0,2.0,1.0
1028,-1.0,-1.0,1.0,0.0,1.0,-1.0,0.0,0.0,-1.0,2.0,-1.0,-1.0
1031,-1.0,-1.0,-1.0,1.0,1.0,-1.0,0.0,-1.0,-1.0,-1.0,2.0,1.0
1033,-1.0,2.0,0.0,-1.0,-1.0,2.0,0.0,1.0,2.0,-1.0,0.0,-1.0
1035,-1.0,-1.0,0.0,-1.0,1.0,-1.0,-1.0,0.0,-1.0,2.0,-1.0,-1.0
1036,2.0,1.0,1.0,0.0,0.0,-1.0,2.0,1.0,0.0,-1.0,2.0,2.0
1037,-1.0,-1.0,0.0,2.0,1.0,-1.0,0.0,0.0,-1.0,1.0,1.0,-1.0
1038,0.0,-1.0,-1.0,-1.0,-1.0,2.0,-1.0,1.0,0.0,-1.0,1.0,0.0
1039,0.0,0.0,-1.0,-1.0,2.0,-1.0,1.0,0.0,-1.0,-1.0,2.0,1.0
1041,2.0,-1.0,-1.0,-1.0,2.0,-1.0,1.0,0.0,-1.0,0.0,2.0,1.0
1042,,,,,1.0,,,,,1.0,0.0,
1044,1.0,-1.0,-1.0,0.0,1.0,-1.0,0.0,-1.0,-1.0,-1.0,2.0,2.0
1046,1.0,-1.0,0.0,0.0,2.0,-1.0,0.0,1.0,-1.0,-1.0,2.0,1.0
1047,1.0,-1.0,-1.0,1.0,1.0,-1.0,1.0,-1.0,-1.0,-1.0,2.0,1.0
1048,,2.0,,,,2.0,,,1.0,,,
1052,1.0,-1.0,0.0,1.0,1.0,-1.0,1.0,0.0,-1.0,0.0,2.0,1.0
1055,0.0,-1.0,-1.0,-1.0,-1.0,-1.0,2.0,-1.0,-1.0,0.0,0.0,0.0
1056,1.0,-1.0,-1.0,-1.0,1.0,-1.0,1.0,0.0,-1.0,-1.0,2.0,1.0
1057,1.0,-1.0,-1.0,1.0,2.0,-1.0,1.0,-1.0,-1.0,-1.0,2.0,2.0
1058,1.0,-1.0,-1.0,2.0,1.0,-1.0,0.0,0.0,-1.0,0.0,0.0,1.0
1060,0.0,-1.0,-1.0,0.0,1.0,-1.0,-1.0,0.0,-1.0,-1.0,2.0,2.0
1062,-1.0,0.0,-1.0,1.0,1.0,-1.0,0.0,0.0,-1.0,0.0,2.0,0.0
1063,1.0,-1.0,,0.0,1.0,-1.0,1.0,-1.0,-1.0,0.0,2.0,1.0
1064,1.0,-1.0,-1.0,1.0,2.0,-1.0,1.0,,-1.0,0.0,2.0,2.0
1067,-1.0,-1.0,1.0,0.0,1.0,-1.0,-1.0,-1.0,-1.0,2.0,-1.0,-1.0
1069,-1.0,1.0,2.0,-1.0,-1.0,2.0,-1.0,1.0,0.0,1.0,-1.0,-1.0
1073,,,,1.0,2.0,,,,,,1.0,
1074,1.0,-1.0,-1.0,1.0,2.0,-1.0,0.0,0.0,-1.0,1.0,2.0,1.0
1076,1.0,-1.0,-1.0,-1.0,0.0,-1.0,1.0,0.0,-1.0,-1.0,2.0,1.0
1079,2.0,-1.0,-1.0,-1.0,-1.0,-1.0,2.0,1.0,-1.0,-1.0,2.0,1.0
1080,0.0,1.0,-1.0,-1.0,1.0,-1.0,-1.0,1.0,-1.0,-1.0,2.0,1.0
1082,-1.0,-1.0,1.0,0.0,1.0,0.0,1.0,-1.0,0.0,2.0,0.0,-1.0
1084,0.0,-1.0,0.0,0.0,2.0,-1.0,1.0,0.0,-1.0,0.0,2.0,1.0
1085,1.0,-1.0,-1.0,0.0,1.0,-1.0,0.0,-1.0,-1.0,-1.0,2.0,2.0
1086,0.0,-1.0,-1.0,1.0,1.0,-1.0,1.0,0.0,-1.0,-1.0,2.0,0.0
1089,1.0,1.0,-1.0,-1.0,0.0,-1.0,0.0,2.0,-1.0,-1.0,2.0,2.0
1091,-1.0,0.0,0.0,-1.0,0.0,-1.0,2.0,2.0,-1.0,1.0,2.0,-1.0
1093,1.0,-1.0,-1.0,0.0,1.0,-1.0,1.0,0.0,-1.0,-1.0,2.0,2.0
1095,0.0,-1.0,-1.0,1.0,2.0,-1.0,2.0,0.0,-1.0,0.0,2.0,0.0
1096,0.0,-1.0,-1.0,0.0,1.0,-1.0,-1.0,-1.0,-1.0,0.0,2.0,0.0
1102,-1.0,-1.0,0.0,1.0,1.0,-1.0,0.0,-1.0,-1.0,0.0,2.0,0.0
1105,1.0,0.0,-1.0,0.0,1.0,-1.0,2.0,0.0,0.0,-1.0,2.0,1.0
1106,1.0,-1.0,-1.0,1.0,1.0,-1.0,1.0,1.0,-1.0,0.0,2.0,1.0
1107,1.0,-1.0,-1.0,-1.0,-1.0,-1.0,1.0,0.0,-1.0,-1.0,2.0,1.0
1114,,,,1.0,0.0,,,0.0,,,2.0,
1115,-1.0,-1.0,1.0,0.0,2.0,0.0,-1.0,1.0,1.0,-1.0,0.0,-1.0
1117,1.0,-1.0,-1.0,0.0,0.0,-1.0,0.0,1.0,-1.0,-1.0,2.0,1.0
1121,-1.0,-1.0,-1.0,0.0,2.0,-1.0,0.0,,-1.0,-1.0,2.0,0.0
1125,0.0,1.0,-1.0,-1.0,0.0,2.0,0.0,1.0,1.0,-1.0,0.0,-1.0
1132,1.0,-1.0,-1.0,1.0,2.0,-1.0,2.0,0.0,-1.0,0.0,2.0,1.0
1133,1.0,-1.0,-1.0,-1.0,0.0,-1.0,1.0,2.0,-1.0,-1.0,2.0,1.0
1134,2.0,-1.0,-1.0,1.0,1.0,-1.0,2.0,0.0,-1.0,-1.0,2.0,2.0
1137,-1.0,-1.0,-1.0,1.0,2.0,-1.0,0.0,0.0,-1.0,1.0,1.0,0.0
1138,2.0,0.0,-1.0,0.0,0.0,-1.0,1.0,1.0,-1.0,-1.0,2.0,2.0
1143,0.0,-1.0,-1.0,0.0,1.0,-1.0,1.0,-1.0,-1.0,-1.0,2.0,1.0
1145,-1.0,2.0,0.0,-1.0,-1.0,2.0,-1.0,0.0,1.0,-1.0,-1.0,-1.0
1151,2.0,-1.0,-1.0,-1.0,0.0,-1.0,0.0,-1.0,-1.0,-1.0,2.0,2.0
1154,-1.0,0.0,0.0,2.0,2.0,-1.0,-1.0,-1.0,-1.0,0.0,0.0,-1.0
1155,2.0,-1.0,-1.0,2.0,2.0,-1.0,0.0,0.0,-1.0,1.0,2.0,2.0
1156,0.0,-1.0,-1.0,1.0,2.0,-1.0,0.0,0.0,-1.0,0.0,2.0,1.0
1157,,,,,1.0,,,,,1.0,2.0,
1158,1.0,-1.0,-1.0,0.0,0.0,-1.0,0.0,-1.0,-1.0,-1.0,2.0,2.0
1160,,-1.0,-1.0,,1.0,-1.0,,,-1.0,,2.0,
1162,-1.0,0.0,-1.0,0.0,2.0,-1.0,1.0,0.0,0.0,-1.0,2.0,1.0
1168,1.0,-1.0,-1.0,1.0,1.0,-1.0,0.0,0.0,-1.0,-1.0,2.0,2.0
1170,-1.0,-1.0,-1.0,0.0,0.0,-1.0,1.0,0.0,-1.0,0.0,2.0,1.0
1173,1.0,-1.0,-1.0,0.0,2.0,-1.0,0.0,0.0,-1.0,0.0,2.0,1.0
1174,,0.0,-1.0,-1.0,2.0,2.0,-1.0,1.0,1.0,,-1.0,1.0
1176,-1.0,-1.0,-1.0,,-1.0,1.0,-1.0,2.0,-1.0,2.0,2.0,-1.0
1178,0.0,-1.0,0.0,1.0,2.0,-1.0,0.0,0.0,-1.0,2.0,1.0,0.0
1181,0.0,-1.0,-1.0,1.0,2.0,-1.0,1.0,-1.0,-1.0,-1.0,2.0,1.0
1182,0.0,-1.0,0.0,1.0,1.0,-1.0,-1.0,0.0,-1.0,0.0,2.0,0.0
1184,0.0,-1.0,0.0,0.0,1.0,-1.0,0.0,0.0,-1.0,2.0,1.0,0.0
1194,1.0,0.0,-1.0,0.0,0.0,-1.0,1.0,1.0,-1.0,-1.0,2.0,0.0
1195,0.0,-1.0,-1.0,0.0,1.0,-1.0,1.0,0.0,-1.0,-1.0,2.0,2.0
1199,1.0,-1.0,0.0,-1.0,-1.0,0.0,1.0,2.0,0.0,-1.0,1.0,1.0
1201,2.0,-1.0,-1.0,0.0,1.0,-1.0,2.0,1.0,-1.0,-1.0,2.0,2.0
1202,1.0,-1.0,0.0,1.0,2.0,-1.0,,-1.0,-1.0,1.0,0.0,-1.0
1203,1.0,-1.0,-1.0,0.0,0.0,-1.0,0.0,0.0,-1.0,-1.0,2.0,2.0
1204,0.0,-1.0,-1.0,2.0,1.0,-1.0,1.0,0.0,-1.0,0.0,2.0,1.0
1205,1.0,-1.0,0.0,0.0,1.0,-1.0,1.0,1.0,-1.0,0.0,2.0,1.0
1207,2.0,,,,,,,,,,2.0,2.0
1208,1.0,-1.0,-1.0,0.0,0.0,-1.0,0.0,-1.0,-1.0,-1.0,2.0,1.0
1209,1.0,-1.0,-1.0,0.0,0.0,-1.0,0.0,0.0,-1.0,-1.0,2.0,1.0
1210,1.0,-1.0,0.0,1.0,2.0,-1.0,1.0,-1.0,-1.0,0.0,2.0,1.0
1211,2.0,1.0,-1.0,0.0,-1.0,1.0,1.0,2.0,0.0,-1.0,2.0,1.0
1212,1.0,-1.0,-1.0,-1.0,1.0,-1.0,1.0,-1.0,-1.0,-1.0,2.0,2.0
1215,-1.0,-1.0,0.0,2.0,-1.0,-1.0,2.0,0.0,-1.0,0.0,2.0,0.0
1217,1.0,-1.0,-1.0,0.0,1.0,-1.0,1.0,-1.0,-1.0,-1.0,2.0,2.0
1218,0.0,-1.0,-1.0,1.0,1.0,-1.0,2.0,-1.0,-1.0,-1.0,2.0,0.0
1219,,,,0.0,2.0,,,,,,1.0,0.0
1222,1.0,-1.0,-1.0,0.0,-1.0,-1.0,0.0,0.0,-1.0,-1.0,2.0,2.0
1223,2.0,-1.0,-1.0,1.0,2.0,-1.0,2.0,2.0,-1.0,-1.0,2.0,2.0
1228,-1.0,-1.0,-1.0,2.0,2.0,-1.0,2.0,0.0,-1.0,1.0,1.0,-1.0
1229,1.0,-1.0,-1.0,0.0,0.0,-1.0,-1.0,0.0,-1.0,-1.0,2.0,2.0
1231,0.0,0.0,0.0,0.0,2.0,-1.0,0.0,0.0,-1.0,0.0,2.0,0.0
1232,1.0,-1.0,-1.0,0.0,1.0,-1.0,1.0,1.0,-1.0,-1.0,2.0,2.0
1235,0.0,-1.0,0.0,1.0,2.0,-1.0,0.0,0.0,-1.0,0.0,2.0,0.0
1236,1.0,-1.0,1.0,1.0,2.0,-1.0,1.0,1.0,-1.0,2.0,2.0,2.0
1238,0.0,-1.0,-1.0,0.0,-1.0,-1.0,0.0,-1.0,-1.0,-1.0,2.0,1.0
1240,1.0,-1.0,-1.0,0.0,1.0,-1.0,1.0,1.0,-1.0,-1.0,2.0,1.0
1243,0.0,-1.0,-1.0,2.0,0.0,-1.0,0.0,0.0,-1.0,1.0,2.0,0.0
1244,0.0,-1.0,0.0,1.0,2.0,-1.0,1.0,-1.0,-1.0,0.0,2.0,1.0
1246,0.0,-1.0,-1.0,0.0,1.0,-1.0,1.0,0.0,-1.0,1.0,2.0,0.0
1247,0.0,-1.0,1.0,2.0,2.0,-1.0,1.0,0.0,0.0,1.0,2.0,1.0
1250,,,,1.0,2.0,,,,,0.0,1.0,
1253,0.0,-1.0,-1.0,0.0,2.0,-1.0,-1.0,0.0,-1.0,0.0,2.0,0.0
1259,-1.0,-1.0,1.0,-1.0,0.0,-1.0,-1.0,0.0,-1.0,0.0,0.0,-1.0
1260,-1.0,1.0,0.0,-1.0,-1.0,2.0,-1.0,1.0,1.0,-1.0,-1.0,-1.0
1261,2.0,-1.0,-1.0,0.0,1.0,-1.0,0.0,-1.0,-1.0,-1.0,2.0,2.0
1266,-1.0,-1.0,-1.0,1.0,2.0,-1.0,1.0,-1.0,-1.0,0.0,2.0,-1.0
1267,2.0,-1.0,-1.0,0.0,0.0,-1.0,1.0,0.0,-1.0,-1.0,2.0,2.0
1268,,,,,1.0,,1.0,2.0,,,2.0,1.0
1271,1.0,-1.0,-1.0,0.0,1.0,-1.0,0.0,-1.0,-1.0,-1.0,2.0,1.0
1272,-1.0,-1.0,0.0,1.0,2.0,-1.0,1.0,0.0,,2.0,2.0,-1.0
1273,0.0,-1.0,-1.0,0.0,2.0,-1.0,0.0,-1.0,-1.0,-1.0,2.0,1.0
1274,1.0,-1.0,-1.0,2.0,1.0,-1.0,1.0,0.0,-1.0,-1.0,2.0,0.0
1275,2.0,-1.0,-1.0,1.0,1.0,-1.0,0.0,0.0,-1.0,-1.0,1.0,2.0
1281,0.0,0.0,-1.0,-1.0,2.0,-1.0,-1.0,1.0,-1.0,-1.0,1.0,1.0
1282,1.0,-1.0,-1.0,1.0,1.0,-1.0,0.0,-1.0,-1.0,-1.0,2.0,0.0
1283,0.0,-1.0,-1.0,0.0,2.0,-1.0,0.0,-1.0,-1.0,0.0,1.0,0.0
1285,0.0,-1.0,-1.0,-1.0,0.0,-1.0,-1.0,0.0,-1.0,-1.0,2.0,1.0
1286,1.0,-1.0,-1.0,1.0,1.0,-1.0,1.0,-1.0,-1.0,-1.0,2.0,2.0
1287,2.0,-1.0,-1.0,-1.0,1.0,2.0,0.0,2.0,1.0,-1.0,-1.0,0.0
1288,1.0,0.0,0.0,1.0,2.0,-1.0,1.0,1.0,-1.0,-1.0,2.0,2.0
1293,1.0,-1.0,-1.0,0.0,2.0,-1.0,0.0,0.0,-1.0,-1.0,2.0,2.0
1294,0.0,-1.0,-1.0,1.0,1.0,-1.0,1.0,0.0,-1.0,1.0,1.0,0.0
1295,0.0,0.0,0.0,1.0,2.0,-1.0,0.0,0.0,-1.0,2.0,1.0,0.0
1297,0.0,-1.0,0.0,-1.0,-1.0,0.0,0.0,1.0,0.0,-1.0,2.0,2.0
1298,1.0,-1.0,0.0,0.0,1.0,-1.0,1.0,0.0,-1.0,0.0,2.0,1.0
1299,1.0,0.0,-1.0,0.0,1.0,1.0,1.0,0.0,0.0,0.0,2.0,0.0
1306,0.0,-1.0,-1.0,0.0,1.0,-1.0,0.0,0.0,-1.0,-1.0,2.0,1.0
1307,1.0,-1.0,0.0,1.0,2.0,-1.0,2.0,1.0,-1.0,0.0,2.0,2.0
1311,-1.0,0.0,-1.0,-1.0,-1.0,1.0,-1.0,2.0,2.0,1.0,2.0,1.0
1312,0.0,,,1.0,2.0,,1.0,,,,2.0,
1313,0.0,2.0,0.0,0.0,0.0,2.0,-1.0,1.0,2.0,-1.0,-1.0,0.0
1316,1.0,-1.0,-1.0,0.0,0.0,-1.0,1.0,0.0,-1.0,-1.0,1.0,2.0
1323,0.0,-1.0,-1.0,1.0,1.0,-1.0,1.0,0.0,-1.0,0.0,2.0,1.0
1325,-1.0,-1.0,-1.0,1.0,0.0,-1.0,2.0,-1.0,-1.0,0.0,0.0,-1.0
1327,-1.0,-1.0,-1.0,1.0,2.0,-1.0,1.0,-1.0,-1.0,0.0,0.0,-1.0
1330,0.0,-1.0,1.0,1.0,2.0,-1.0,2.0,-1.0,-1.0,0.0,2.0,1.0
1334,-1.0,-1.0,1.0,0.0,1.0,-1.0,0.0,-1.0,-1.0,2.0,-1.0,-1.0
1335,1.0,-1.0,-1.0,1.0,2.0,-1.0,1.0,0.0,-1.0,-1.0,2.0,1.0
1340,1.0,-1.0,-1.0,-1.0,0.0,-1.0,0.0,-1.0,-1.0,-1.0,2.0,2.0
1341,0.0,-1.0,0.0,2.0,2.0,-1.0,0.0,0.0,-1.0,1.0,0.0,2.0
1347,1.0,-1.0,-1.0,0.0,1.0,-1.0,1.0,1.0,-1.0,0.0,2.0,2.0
1349,,,,,,,,,,2.0,,
1353,,1.0,0.0,-1.0,1.0,-1.0,0.0,0.0,-1.0,2.0,2.0,0.0
1355,-1.0,1.0,-1.0,-1.0,-1.0,0.0,-1.0,1.0,0.0,-1.0,2.0,0.0
1359,-1.0,1.0,0.0,-1.0,1.0,-1.0,1.0,1.0,1.0,1.0,2.0,-1.0
1360,-1.0,-1.0,-1.0,1.0,2.0,-1.0,1.0,-1.0,-1.0,0.0,2.0,-1.0
1362,0.0,-1.0,0.0,1.0,2.0,-1.0,2.0,1.0,-1.0,-1.0,2.0,0.0
1365,-1.0,2.0,-1.0,-1.0,2.0,0.0,-1.0,0.0,2.0,-1.0,-1.0,-1.0
1367,,,0.0,1.0,2.0,,,,,0.0,,
1370,0.0,-1.0,-1.0,1.0,2.0,-1.0,0.0,0.0,-1.0,1.0,-1.0,0.0
1372,1.0,0.0,-1.0,2.0,2.0,0.0,2.0,1.0,0.0,0.0,2.0,2.0
1376,0.0,-1.0,-1.0,0.0,2.0,-1.0,1.0,0.0,-1.0,-1.0,2.0,2.0
1378,-1.0,-1.0,-1.0,1.0,2.0,-1.0,0.0,-1.0,-1.0,-1.0,2.0,0.0
1379,0.0,2.0,-1.0,-1.0,-1.0,0.0,0.0,2.0,2.0,2.0,2.0,0.0
1383,1.0,-1.0,0.0,0.0,2.0,-1.0,-1.0,0.0,-1.0,-1.0,2.0,-1.0
1393,1.0,-1.0,-1.0,0.0,0.0,-1.0,1.0,0.0,-1.0,-1.0,2.0,1.0
1395,-1.0,-1.0,-1.0,0.0,1.0,-1.0,0.0,-1.0,-1.0,-1.0,2.0,0.0
1400,1.0,0.0,-1.0,-1.0,1.0,1.0,0.0,2.0,0.0,-1.0,2.0,1.0
1403,0.0,,,,0.0,-1.0,,-1.0,-1.0,-1.0,2.0,0.0
1404,0.0,0.0,-1.0,-1.0,-1.0,-1.0,0.0,1.0,-1.0,-1.0,2.0,1.0
1408,-1.0,-1.0,0.0,2.0,1.0,-1.0,1.0,-1.0,-1.0,0.0,0.0,-1.0
1411,,,1.0,0.0,0.0,,,,,2.0,,
1413,1.0,-1.0,-1.0,0.0,2.0,-1.0,1.0,0.0,-1.0,-1.0,2.0,2.0
1418,2.0,-1.0,0.0,1.0,1.0,-1.0,1.0,0.0,-1.0,-1.0,2.0,2.0
1420,0.0,-1.0,-1.0,0.0,2.0,-1.0,-1.0,-1.0,-1.0,0.0,2.0,1.0
1422,-1.0,1.0,-1.0,-1.0,1.0,1.0,0.0,1.0,0.0,-1.0,1.0,0.0
1424,0.0,-1.0,-1.0,2.0,2.0,-1.0,1.0,0.0,-1.0,0.0,2.0,0.0
1429,0.0,-1.0,-1.0,0.0,0.0,-1.0,-1.0,0.0,-1.0,-1.0,1.0,0.0
1435,-1.0,2.0,0.0,0.0,0.0,2.0,-1.0,0.0,2.0,-1.0,-1.0,-1.0
1437,-1.0,-1.0,1.0,-1.0,2.0,-1.0,-1.0,-1.0,0.0,0.0,2.0,-1.0
1438,1.0,0.0,0.0,1.0,1.0,-1.0,0.0,0.0,-1.0,0.0,2.0,2.0
1445,0.0,-1.0,-1.0,0.0,0.0,-1.0,1.0,-1.0,-1.0,-1.0,2.0,0.0
1446,2.0,,,,1.0,,,,,,2.0,1.0
1452,0.0,-1.0,-1.0,1.0,2.0,-1.0,1.0,-1.0,-1.0,2.0,1.0,2.0
1454,1.0,-1.0,0.0,1.0,1.0,-1.0,1.0,0.0,-1.0,0.0,2.0,2.0
1457,-1.0,-1.0,1.0,0.0,-1.0,-1.0,-1.0,-1.0,-1.0,2.0,-1.0,-1.0
1461,1.0,-1.0,-1.0,-1.0,2.0,-1.0,1.0,1.0,-1.0,-1.0,2.0,1.0
1463,2.0,-1.0,-1.0,-1.0,1.0,-1.0,-1.0,-1.0,-1.0,-1.0,2.0,2.0
1464,-1.0,-1.0,-1.0,0.0,2.0,-1.0,-1.0,0.0,-1.0,1.0,2.0,-1.0
1465,1.0,-1.0,-1.0,0.0,0.0,-1.0,2.0,-1.0,-1.0,-1.0,2.0,1.0
1466,1.0,-1.0,-1.0,2.0,2.0,-1.0,1.0,0.0,-1.0,0.0,1.0,2.0
1472,1.0,-1.0,-1.0,1.0,1.0,-1.0,1.0,0.0,0.0,0.0,2.0,1.0
1473,1.0,-1.0,-1.0,-1.0,0.0,-1.0,0.0,-1.0,-1.0,-1.0,2.0,2.0
1478,1.0,-1.0,-1.0,0.0,-1.0,-1.0,0.0,-1.0,-1.0,-1.0,2.0,1.0
1479,0.0,-1.0,0.0,1.0,2.0,-1.0,0.0,-1.0,-1.0,0.0,0.0,0.0
1480,-1.0,-1.0,1.0,0.0,1.0,0.0,,-1.0,-1.0,2.0,-1.0,-1.0
1483,,-1.0,1.0,-1.0,1.0,-1.0,1.0,1.0,-1.0,1.0,1.0,0.0
1485,0.0,-1.0,-1.0,1.0,1.0,-1.0,1.0,0.0,-1.0,-1.0,2.0,1.0
1486,-1.0,-1.0,0.0,1.0,2.0,-1.0,1.0,,-1.0,0.0,2.0,-1.0
1487,1.0,-1.0,-1.0,0.0,0.0,-1.0,1.0,-1.0,-1.0,-1.0,2.0,1.0
1488,1.0,-1.0,-1.0,0.0,1.0,-1.0,,0.0,-1.0,1.0,1.0,
1489,1.0,0.0,-1.0,0.0,0.0,-1.0,0.0,1.0,-1.0,-1.0,2.0,2.0
1491,1.0,-1.0,,,-1.0,-1.0,-1.0,,,,2.0,2.0
1495,2.0,,,,,,1.0,,,,,1.0
1496,1.0,-1.0,-1.0,0.0,2.0,-1.0,1.0,0.0,-1.0,-1.0,2.0,2.0
1498,2.0,-1.0,-1.0,0.0,0.0,-1.0,0.0,0.0,-1.0,-1.0,2.0,2.0
1500,-1.0,0.0,0.0,1.0,1.0,-1.0,0.0,-1.0,-1.0,1.0,2.0,-1.0
1503,0.0,-1.0,-1.0,0.0,1.0,-1.0,2.0,1.0,-1.0,-1.0,1.0,0.0
1504,-1.0,-1.0,1.0,0.0,1.0,-1.0,-1.0,1.0,,2.0,-1.0,-1.0
1505,2.0,-1.0,-1.0,0.0,0.0,-1.0,1.0,1.0,-1.0,-1.0,1.0,2.0
1508,1.0,-1.0,-1.0,0.0,1.0,-1.0,1.0,1.0,-1.0,0.0,1.0,1.0
1511,1.0,-1.0,-1.0,1.0,0.0,-1.0,1.0,0.0,-1.0,-1.0,2.0,2.0
1514,1.0,-1.0,-1.0,-1.0,-1.0,-1.0,-1.0,-1.0,-1.0,-1.0,2.0,2.0
1518,1.0,-1.0,-1.0,0.0,2.0,-1.0,1.0,-1.0,-1.0,-1.0,2.0,2.0
1519,1.0,-1.0,-1.0,1.0,2.0,-1.0,1.0,0.0,-1.0,0.0,2.0,1.0
1520,1.0,-1.0,-1.0,0.0,1.0,-1.0,1.0,0.0,-1.0,-1.0,2.0,1.0
1521,0.0,-1.0,-1.0,1.0,0.0,-1.0,0.0,0.0,-1.0,-1.0,2.0,0.0
1522,0.0,-1.0,0.0,2.0,2.0,-1.0,2.0,,-1.0,1.0,0.0,
1524,2.0,-1.0,-1.0,-1.0,1.0,-1.0,1.0,-1.0,-1.0,-1.0,2.0,2.0
1525,0.0,0.0,1.0,0.0,0.0,-1.0,0.0,0.0,0.0,2.0,-1.0,0.0
1526,2.0,-1.0,-1.0,1.0,1.0,-1.0,2.0,0.0,-1.0,-1.0,2.0,2.0
1528,2.0,-1.0,-1.0,0.0,0.0,-1.0,0.0,0.0,-1.0,-1.0,2.0,2.0
1530,-1.0,-1.0,,2.0,1.0,-1.0,-1.0,-1.0,-1.0,0.0,-1.0,-1.0
1533,1.0,2.0,-1.0,-1.0,0.0,1.0,2.0,1.0,2.0,-1.0,2.0,1.0
1534,2.0,-1.0,-1.0,-1.0,2.0,-1.0,2.0,2.0,-1.0,-1.0,2.0,2.0
1537,1.0,-1.0,0.0,1.0,2.0,-1.0,2.0,0.0,-1.0,0.0,2.0,2.0
1540,-1.0,-1.0,-1.0,0.0,1.0,-1.0,0.0,-1.0,-1.0,2.0,1.0,-1.0
1542,-1.0,-1.0,1.0,2.0,2.0,-1.0,1.0,0.0,,2.0,-1.0,-1.0
1545,1.0,-1.0,-1.0,0.0,1.0,-1.0,1.0,0.0,-1.0,0.0,2.0,2.0
1546,,,-1.0,0.0,0.0,,,1.0,,,2.0,1.0
1548,1.0,0.0,0.0,0.0,2.0,-1.0,1.0,1.0,0.0,-1.0,2.0,1.0
1550,1.0,-1.0,0.0,1.0,2.0,-1.0,1.0,-1.0,-1.0,0.0,2.0,1.0
1552,-1.0,-1.0,1.0,0.0,1.0,-1.0,-1.0,1.0,-1.0,1.0,0.0,-1.0
1554,1.0,-1.0,0.0,-1.0,1.0,-1.0,0.0,0.0,-1.0,1.0,1.0,0.0
1555,-1.0,-1.0,-1.0,-1.0,1.0,-1.0,0.0,0.0,-1.0,-1.0,2.0,0.0
1556,-1.0,0.0,0.0,0.0,0.0,-1.0,0.0,0.0,-1.0,-1.0,2.0,0.0
1558,0.0,-1.0,-1.0,0.0,1.0,-1.0,0.0,-1.0,-1.0,-1.0,1.0,0.0
1561,1.0,-1.0,0.0,2.0,2.0,-1.0,2.0,-1.0,-1.0,0.0,2.0,1.0
1562,-1.0,0.0,-1.0,-1.0,0.0,-1.0,0.0,0.0,-1.0,0.0,0.0,-1.0
1568,-1.0,-1.0,1.0,0.0,-1.0,-1.0,-1.0,0.0,0.0,2.0,-1.0,-1.0
1570,1.0,-1.0,-1.0,1.0,2.0,-1.0,1.0,0.0,-1.0,0.0,2.0,1.0
1574,0.0,-1.0,-1.0,-1.0,1.0,-1.0,0.0,-1.0,-1.0,-1.0,2.0,0.0
1576,1.0,0.0,0.0,1.0,1.0,-1.0,1.0,0.0,0.0,2.0,1.0,1.0
1577,1.0,-1.0,-1.0,1.0,0.0,-1.0,1.0,0.0,-1.0,-1.0,2.0,2.0
1578,1.0,-1.0,-1.0,0.0,1.0,-1.0,0.0,-1.0,-1.0,-1.0,2.0,1.0
1582,,,1.0,1.0,,,,,1.0,2.0,-1.0,
1583,0.0,-1.0,-1.0,0.0,1.0,,0.0,-1.0,-1.0,-1.0,2.0,1.0
1585,0.0,1.0,-1.0,1.0,1.0,-1.0,2.0,1.0,-1.0,-1.0,2.0,1.0
1588,0.0,-1.0,-1.0,2.0,2.0,-1.0,0.0,-1.0,-1.0,0.0,1.0,1.0
1590,2.0,-1.0,0.0,1.0,2.0,-1.0,1.0,0.0,-1.0,0.0,2.0,2.0
1595,1.0,-1.0,-1.0,0.0,1.0,-1.0,-1.0,0.0,-1.0,-1.0,2.0,2.0
1603,0.0,-1.0,-1.0,0.0,-1.0,-1.0,1.0,-1.0,-1.0,-1.0,0.0,0.0
1606,-1.0,-1.0,0.0,-1.0,1.0,-1.0,1.0,2.0,-1.0,1.0,-1.0,-1.0
1607,-1.0,-1.0,-1.0,-1.0,1.0,-1.0,2.0,0.0,-1.0,-1.0,-1.0,0.0
1608,1.0,-1.0,-1.0,0.0,0.0,-1.0,0.0,1.0,-1.0,-1.0,2.0,1.0
1609,1.0,-1.0,0.0,2.0,1.0,-1.0,0.0,0.0,-1.0,-1.0,2.0,2.0
1610,0.0,-1.0,-1.0,0.0,0.0,-1.0,0.0,-1.0,-1.0,-1.0,2.0,1.0
1611,-1.0,-1.0,-1.0,1.0,2.0,-1.0,0.0,-1.0,-1.0,0.0,1.0,-1.0
1612,0.0,-1.0,-1.0,0.0,1.0,-1.0,0.0,0.0,-1.0,0.0,1.0,1.0
1614,1.0,-1.0,0.0,2.0,2.0,-1.0,1.0,1.0,-1.0,0.0,1.0,1.0
1616,2.0,-1.0,-1.0,,0.0,-1.0,0.0,0.0,-1.0,-1.0,2.0,2.0
1617,0.0,,,1.0,2.0,,,-1.0,,0.0,2.0,1.0
1621,1.0,-1.0,1.0,2.0,2.0,-1.0,0.0,0.0,-1.0,2.0,-1.0,0.0
1628,,-1.0,,-1.0,-1.0,,,2.0,-1.0,-1.0,2.0,2.0
1629,0.0,-1.0,-1.0,0.0,0.0,-1.0,0.0,-1.0,-1.0,-1.0,1.0,1.0
1630,1.0,-1.0,-1.0,-1.0,-1.0,-1.0,-1.0,0.0,-1.0,-1.0,0.0,2.0
1637,0.0,-1.0,0.0,2.0,2.0,-1.0,-1.0,0.0,-1.0,1.0,1.0,-1.0
1640,-1.0,0.0,-1.0,-1.0,-1.0,-1.0,2.0,2.0,-1.0,-1.0,1.0,-1.0
1641,-1.0,-1.0,0.0,1.0,0.0,0.0,0.0,-1.0,-1.0,2.0,-1.0,-1.0
1646,2.0,-1.0,-1.0,0.0,1.0,-1.0,0.0,-1.0,-1.0,-1.0,2.0,2.0
1649,0.0,-1.0,-1.0,0.0,0.0,-1.0,2.0,0.0,-1.0,-1.0,1.0,0.0
1651,1.0,,,,1.0,,,,,,1.0,2.0
1653,0.0,-1.0,-1.0,-1.0,-1.0,-1.0,0.0,0.0,-1.0,-1.0,2.0,2.0
1654,-1.0,-1.0,0.0,-1.0,2.0,-1.0,0.0,-1.0,0.0,1.0,2.0,-1.0
1655,-1.0,-1.0,1.0,2.0,2.0,-1.0,-1.0,-1.0,-1.0,2.0,-1.0,-1.0
1656,0.0,-1.0,0.0,1.0,2.0,-1.0,0.0,-1.0,-1.0,1.0,1.0,0.0
1657,0.0,-1.0,-1.0,1.0,0.0,-1.0,0.0,-1.0,-1.0,-1.0,2.0,1.0
1658,1.0,-1.0,-1.0,-1.0,0.0,-1.0,0.0,-1.0,-1.0,-1.0,2.0,2.0
1660,-1.0,-1.0,-1.0,2.0,1.0,-1.0,0.0,-1.0,-1.0,1.0,-1.0,-1.0
1661,0.0,,,0.0,,,2.0,,,,1.0,2.0
1667,,0.0,-1.0,0.0,2.0,-1.0,-1.0,-1.0,-1.0,1.0,2.0,1.0
1671,1.0,-1.0,-1.0,2.0,1.0,-1.0,1.0,-1.0,-1.0,-1.0,2.0,2.0
1672,,,0.0,1.0,2.0,,1.0,,,0.0,1.0,
1673,2.0,-1.0,-1.0,-1.0,0.0,-1.0,0.0,-1.0,-1.0,-1.0,2.0,2.0
1674,1.0,0.0,-1.0,0.0,1.0,-1.0,1.0,1.0,-1.0,-1.0,2.0,0.0
1676,-1.0,-1.0,0.0,1.0,1.0,-1.0,-1.0,,-1.0,2.0,0.0,-1.0
1681,0.0,2.0,-1.0,-1.0,-1.0,-1.0,0.0,0.0,0.0,-1.0,2.0,0.0
1682,1.0,2.0,-1.0,-1.0,0.0,2.0,1.0,1.0,0.0,-1.0,0.0,0.0
1684,1.0,-1.0,-1.0,2.0,2.0,-1.0,1.0,-1.0,-1.0,0.0,1.0,0.0
1685,1.0,-1.0,-1.0,1.0,0.0,-1.0,2.0,0.0,-1.0,0.0,1.0,1.0
1686,0.0,-1.0,-1.0,-1.0,0.0,-1.0,0.0,-1.0,-1.0,-1.0,2.0,2.0
1690,-1.0,-1.0,-1.0,1.0,0.0,-1.0,1.0,-1.0,-1.0,-1.0,2.0,2.0
1694,2.0,2.0,2.0,1.0,2.0,,-1.0,2.0,2.0,2.0,1.0,2.0
1696,-1.0,-1.0,0.0,0.0,0.0,-1.0,0.0,0.0,-1.0,0.0,0.0,0.0
1697,0.0,-1.0,0.0,2.0,1.0,-1.0,1.0,0.0,-1.0,1.0,1.0,1.0
1701,0.0,-1.0,-1.0,0.0,0.0,-1.0,0.0,0.0,-1.0,-1.0,1.0,0.0
1702,0.0,-1.0,-1.0,-1.0,-1.0,-1.0,0.0,-1.0,-1.0,-1.0,2.0,0.0
1705,-1.0,-1.0,-1.0,-1.0,2.0,-1.0,-1.0,0.0,-1.0,0.0,1.0,0.0
1706,1.0,-1.0,-1.0,-1.0,-1.0,-1.0,2.0,0.0,-1.0,-1.0,2.0,2.0
1707,-1.0,-1.0,1.0,-1.0,1.0,-1.0,1.0,1.0,-1.0,1.0,1.0,-1.0
1711,2.0,-1.0,-1.0,0.0,0.0,-1.0,0.0,0.0,-1.0,-1.0,2.0,2.0
1712,1.0,-1.0,-1.0,1.0,-1.0,-1.0,0.0,-1.0,-1.0,-1.0,1.0,2.0
1713,-1.0,1.0,-1.0,-1.0,-1.0,0.0,-1.0,1.0,1.0,-1.0,2.0,0.0
1715,-1.0,-1.0,1.0,0.0,0.0,-1.0,1.0,1.0,-1.0,2.0,0.0,-1.0
1725,-1.0,-1.0,-1.0,-1.0,-1.0,-1.0,-1.0,0.0,-1.0,1.0,-1.0,-1.0
1727,-1.0,-1.0,-1.0,-1.0,-1.0,-1.0,-1.0,-1.0,-1.0,-1.0,-1.0,-1.0
1731,1.0,-1.0,0.0,1.0,2.0,-1.0,2.0,-1.0,-1.0,-1.0,2.0,1.0
1732,-1.0,-1.0,-1.0,1.0,2.0,-1.0,1.0,1.0,-1.0,1.0,2.0,1.0
1736,-1.0,-1.0,-1.0,2.0,2.0,-1.0,1.0,-1.0,-1.0,0.0,1.0,-1.0
1740,1.0,-1.0,-1.0,0.0,0.0,-1.0,0.0,0.0,-1.0,-1.0,2.0,2.0
1741,1.0,,,0.0,1.0,,1.0,,,,2.0,1.0
1742,-1.0,-1.0,0.0,1.0,1.0,-1.0,-1.0,0.0,-1.0,2.0,1.0,-1.0
1744,1.0,-1.0,-1.0,-1.0,0.0,-1.0,0.0,-1.0,-1.0,-1.0,2.0,2.0
1745,-1.0,2.0,-1.0,-1.0,0.0,-1.0,-1.0,2.0,0.0,0.0,1.0,-1.0
1747,-1.0,0.0,1.0,0.0,2.0,-1.0,0.0,0.0,-1.0,2.0,-1.0,0.0
1753,,,0.0,2.0,2.0,,1.0,,,1.0,0.0,
1756,0.0,,,-1.0,2.0,,-1.0,,,0.0,2.0,0.0
1757,-1.0,-1.0,-1.0,0.0,1.0,-1.0,0.0,-1.0,-1.0,0.0,2.0,-1.0
1758,1.0,-1.0,-1.0,0.0,0.0,-1.0,1.0,-1.0,-1.0,0.0,1.0,2.0
1759,-1.0,-1.0,-1.0,0.0,1.0,-1.0,1.0,-1.0,-1.0,-1.0,2.0,-1.0
1761,2.0,,,0.0,0.0,,,,,-1.0,1.0,1.0
1763,1.0,-1.0,-1.0,1.0,2.0,-1.0,1.0,-1.0,-1.0,-1.0,2.0,1.0
1767,0.0,-1.0,-1.0,-1.0,2.0,-1.0,-1.0,1.0,-1.0,0.0,1.0,-1.0
1769,1.0,-1.0,-1.0,0.0,0.0,-1.0,1.0,-1.0,-1.0,-1.0,2.0,1.0
1773,-1.0,-1.0,-1.0,1.0,2.0,-1.0,0.0,-1.0,-1.0,0.0,2.0,0.0
1774,-1.0,-1.0,-1.0,0.0,2.0,-1.0,0.0,0.0,-1.0,0.0,1.0,1.0
1776,0.0,-1.0,-1.0,0.0,0.0,-1.0,0.0,0.0,-1.0,-1.0,1.0,1.0
1778,0.0,-1.0,-1.0,-1.0,0.0,-1.0,-1.0,-1.0,-1.0,-1.0,0.0,-1.0
1780,0.0,-1.0,-1.0,0.0,0.0,-1.0,0.0,-1.0,-1.0,-1.0,2.0,2.0
1782,0.0,,,0.0,0.0,,,,,,,0.0
1786,1.0,-1.0,-1.0,-1.0,0.0,-1.0,0.0,-1.0,-1.0,-1.0,2.0,2.0
1790,0.0,-1.0,-1.0,1.0,0.0,-1.0,1.0,-1.0,-1.0,0.0,0.0,2.0
1791,2.0,-1.0,-1.0,1.0,1.0,-1.0,2.0,0.0,-1.0,1.0,2.0,2.0
1792,0.0,-1.0,-1.0,-1.0,1.0,-1.0,0.0,1.0,-1.0,-1.0,0.0,1.0
1793,2.0,,,,1.0,,,,,,2.0,1.0
1794,1.0,-1.0,-1.0,1.0,2.0,-1.0,0.0,0.0,-1.0,0.0,1.0,1.0
1795,0.0,-1.0,0.0,1.0,2.0,-1.0,1.0,1.0,-1.0,2.0,1.0,1.0
1796,-1.0,-1.0,-1.0,-1.0,2.0,-1.0,-1.0,-1.0,-1.0,1.0,-1.0,-1.0
1797,-1.0,0.0,0.0,-1.0,1.0,-1.0,0.0,1.0,0.0,0.0,1.0,0.0
1799,-1.0,0.0,0.0,-1.0,-1.0,-1.0,-1.0,-1.0,-1.0,0.0,0.0,-1.0
1800,-1.0,-1.0,2.0,-1.0,-1.0,2.0,-1.0,2.0,2.0,1.0,-1.0,0.0
1803,0.0,-1.0,-1.0,1.0,2.0,-1.0,0.0,0.0,-1.0,0.0,2.0,0.0
1805,1.0,-1.0,-1.0,2.0,2.0,-1.0,1.0,-1.0,-1.0,-1.0,2.0,2.0
1808,,,,1.0,2.0,,0.0,0.0,,0.0,1.0,0.0
1809,-1.0,1.0,0.0,1.0,1.0,-1.0,1.0,0.0,-1.0,-1.0,2.0,0.0
1812,-1.0,-1.0,-1.0,-1.0,0.0,-1.0,-1.0,0.0,-1.0,-1.0,1.0,-1.0
1813,-1.0,,,0.0,1.0,,1.0,0.0,,,0.0,
1817,0.0,0.0,-1.0,0.0,1.0,-1.0,0.0,0.0,-1.0,2.0,-1.0,1.0
1818,0.0,-1.0,-1.0,-1.0,2.0,-1.0,0.0,2.0,0.0,-1.0,1.0,2.0
1825,-1.0,-1.0,-1.0,-1.0,0.0,-1.0,0.0,1.0,1.0,-1.0,2.0,-1.0
1829,0.0,-1.0,-1.0,1.0,1.0,-1.0,0.0,0.0,-1.0,-1.0,1.0,1.0
1830,1.0,-1.0,-1.0,0.0,1.0,-1.0,1.0,-1.0,-1.0,-1.0,2.0,2.0
1833,2.0,-1.0,-1.0,0.0,0.0,-1.0,2.0,-1.0,-1.0,-1.0,1.0,2.0
1835,,2.0,2.0,-1.0,-1.0,0.0,,0.0,0.0,1.0,,
1842,-1.0,-1.0,2.0,0.0,1.0,-1.0,1.0,-1.0,-1.0,1.0,0.0,-1.0
1844,0.0,-1.0,0.0,0.0,0.0,-1.0,2.0,-1.0,-1.0,0.0,1.0,0.0
1845,-1.0,0.0,0.0,0.0,1.0,2.0,0.0,0.0,0.0,0.0,1.0,-1.0
1852,0.0,-1.0,-1.0,0.0,0.0,-1.0,0.0,-1.0,-1.0,-1.0,1.0,2.0
1854,,,,,,,,,0.0,1.0,2.0,1.0
1858,0.0,0.0,0.0,-1.0,2.0,-1.0,-1.0,0.0,-1.0,-1.0,-1.0,0.0
1862,-1.0,-1.0,-1.0,0.0,1.0,-1.0,0.0,1.0,0.0,-1.0,2.0,1.0
1863,1.0,,-1.0,1.0,2.0,-1.0,2.0,-1.0,-1.0,1.0,2.0,2.0
1869,1.0,-1.0,-1.0,1.0,2.0,-1.0,0.0,0.0,-1.0,-1.0,2.0,2.0
1876,0.0,-1.0,-1.0,-1.0,2.0,-1.0,0.0,0.0,-1.0,2.0,1.0,0.0
1877,-1.0,-1.0,-1.0,1.0,2.0,,-1.0,-1.0,-1.0,1.0,,1.0
1878,-1.0,1.0,1.0,0.0,0.0,-1.0,1.0,2.0,-1.0,1.0,-1.0,-1.0
1879,,,,,1.0,,,,,,2.0,2.0
1882,0.0,-1.0,-1.0,0.0,2.0,-1.0,1.0,0.0,-1.0,-1.0,2.0,1.0
1883,-1.0,-1.0,-1.0,0.0,2.0,-1.0,-1.0,-1.0,-1.0,0.0,0.0,-1.0
1885,0.0,,,1.0,2.0,,0.0,,-1.0,,2.0,1.0
1887,0.0,-1.0,-1.0,-1.0,-1.0,-1.0,-1.0,-1.0,-1.0,-1.0,2.0,1.0
1890,2.0,-1.0,-1.0,-1.0,1.0,-1.0,2.0,0.0,-1.0,-1.0,2.0,2.0
1892,0.0,-1.0,-1.0,0.0,2.0,-1.0,1.0,-1.0,-1.0,-1.0,2.0,1.0
1896,0.0,-1.0,-1.0,0.0,2.0,-1.0,0.0,-1.0,-1.0,0.0,1.0,0.0
1900,0.0,-1.0,2.0,0.0,1.0,-1.0,-1.0,1.0,0.0,2.0,-1.0,-1.0
1906,0.0,-1.0,0.0,2.0,2.0,-1.0,1.0,0.0,-1.0,-1.0,2.0,-1.0
1909,-1.0,-1.0,-1.0,-1.0,0.0,-1.0,0.0,-1.0,-1.0,-1.0,2.0,0.0
1911,,,1.0,,2.0,,,0.0,,2.0,0.0,
1912,2.0,-1.0,-1.0,1.0,1.0,-1.0,1.0,2.0,-1.0,-1.0,2.0,2.0
1913,2.0,0.0,-1.0,0.0,0.0,-1.0,2.0,2.0,-1.0,-1.0,1.0,2.0
1914,0.0,-1.0,0.0,1.0,2.0,-1.0,1.0,-1.0,-1.0,0.0,2.0,1.0
1916,-1.0,-1.0,-1.0,1.0,2.0,-1.0,1.0,0.0,-1.0,0.0,2.0,0.0
1918,1.0,0.0,0.0,0.0,0.0,-1.0,0.0,0.0,0.0,-1.0,2.0,2.0
1919,,-1.0,,,,-1.0,,,-1.0,-1.0,2.0,
1920,0.0,-1.0,-1.0,0.0,0.0,-1.0,-1.0,1.0,1.0,-1.0,2.0,-1.0
1921,-1.0,-1.0,-1.0,1.0,1.0,-1.0,0.0,-1.0,-1.0,0.0,2.0,-1.0
1924,0.0,-1.0,0.0,1.0,1.0,-1.0,1.0,0.0,-1.0,0.0,2.0,2.0
1925,-1.0,-1.0,-1.0,-1.0,-1.0,-1.0,-1.0,-1.0,-1.0,-1.0,2.0,-1.0
1926,2.0,-1.0,-1.0,0.0,2.0,-1.0,0.0,0.0,-1.0,-1.0,2.0,2.0
1932,2.0,-1.0,-1.0,2.0,0.0,-1.0,2.0,2.0,-1.0,2.0,-1.0,2.0
1940,-1.0,-1.0,-1.0,1.0,1.0,-1.0,0.0,-1.0,-1.0,-1.0,2.0,-1.0
1942,-1.0,0.0,0.0,1.0,2.0,-1.0,-1.0,0.0,-1.0,1.0,2.0,-1.0
1950,1.0,-1.0,-1.0,-1.0,-1.0,-1.0,1.0,1.0,-1.0,-1.0,2.0,2.0
1954,1.0,-1.0,-1.0,1.0,1.0,-1.0,0.0,-1.0,-1.0,-1.0,2.0,2.0
1959,,,,,,,-1.0,,0.0,,2.0,
1961,0.0,-1.0,-1.0,1.0,2.0,-1.0,1.0,0.0,-1.0,0.0,1.0,1.0
1963,1.0,-1.0,-1.0,2.0,0.0,-1.0,1.0,2.0,-1.0,-1.0,2.0,1.0
1966,-1.0,-1.0,-1.0,1.0,2.0,-1.0,0.0,-1.0,-1.0,1.0,0.0,-1.0
1967,0.0,-1.0,-1.0,2.0,1.0,-1.0,1.0,-1.0,-1.0,0.0,1.0,
1974,1.0,-1.0,-1.0,0.0,0.0,-1.0,0.0,0.0,-1.0,-1.0,2.0,2.0
1982,1.0,-1.0,0.0,2.0,2.0,-1.0,0.0,0.0,-1.0,-1.0,2.0,1.0
1984,-1.0,-1.0,1.0,-1.0,1.0,-1.0,1.0,-1.0,-1.0,2.0,-1.0,-1.0
1986,0.0,,0.0,2.0,2.0,,,0.0,,0.0,0.0,0.0
1987,,,,,0.0,,0.0,,,1.0,2.0,
1988,-1.0,-1.0,0.0,1.0,2.0,-1.0,,-1.0,-1.0,2.0,-1.0,-1.0
1993,-1.0,-1.0,-1.0,2.0,1.0,-1.0,0.0,-1.0,-1.0,0.0,2.0,0.0
1994,1.0,-1.0,-1.0,0.0,2.0,-1.0,1.0,1.0,-1.0,-1.0,1.0,2.0
1999,0.0,-1.0,-1.0,0.0,0.0,0.0,1.0,2.0,1.0,-1.0,1.0,0.0
2001,2.0,-1.0,-1.0,0.0,2.0,-1.0,2.0,0.0,-1.0,-1.0,2.0,2.0
2004,-1.0,-1.0,1.0,-1.0,1.0,-1.0,1.0,-1.0,-1.0,1.0,0.0,-1.0
2005,1.0,-1.0,-1.0,0.0,1.0,-1.0,0.0,-1.0,-1.0,-1.0,2.0,2.0
2006,0.0,-1.0,-1.0,0.0,1.0,-1.0,0.0,0.0,-1.0,-1.0,2.0,2.0
2010,1.0,0.0,-1.0,0.0,2.0,-1.0,0.0,0.0,-1.0,0.0,0.0,1.0
2011,0.0,1.0,1.0,0.0,1.0,0.0,1.0,1.0,1.0,2.0,1.0,0.0
2012,0.0,0.0,-1.0,-1.0,0.0,-1.0,0.0,1.0,0.0,-1.0,2.0,1.0
2013,,,,,2.0,,,,,,1.0,
2014,-1.0,-1.0,1.0,-1.0,1.0,-1.0,2.0,2.0,-1.0,2.0,1.0,-1.0
2018,0.0,0.0,0.0,0.0,2.0,-1.0,0.0,2.0,0.0,-1.0,0.0,1.0
2021,1.0,-1.0,-1.0,-1.0,-1.0,-1.0,-1.0,0.0,-1.0,-1.0,2.0,1.0
2022,-1.0,1.0,0.0,-1.0,0.0,-1.0,0.0,0.0,1.0,-1.0,2.0,0.0
2023,2.0,1.0,-1.0,-1.0,2.0,-1.0,1.0,0.0,0.0,-1.0,2.0,2.0
2024,0.0,-1.0,-1.0,0.0,0.0,-1.0,-1.0,1.0,-1.0,-1.0,2.0,1.0
2027,-1.0,1.0,1.0,0.0,2.0,1.0,-1.0,1.0,-1.0,2.0,-1.0,0.0
2031,0.0,-1.0,-1.0,1.0,1.0,-1.0,2.0,-1.0,-1.0,0.0,1.0,0.0
2035,0.0,-1.0,0.0,2.0,2.0,-1.0,0.0,0.0,-1.0,1.0,1.0,0.0
2044,-1.0,1.0,-1.0,-1.0,-1.0,-1.0,1.0,1.0,2.0,-1.0,1.0,-1.0
2046,,,,1.0,1.0,,,,,0.0,2.0,
2047,1.0,-1.0,-1.0,1.0,2.0,-1.0,1.0,1.0,-1.0,1.0,2.0,2.0
2048,,,1.0,2.0,2.0,-1.0,1.0,,,0.0,-1.0,
2052,-1.0,-1.0,-1.0,0.0,1.0,-1.0,0.0,-1.0,-1.0,0.0,0.0,-1.0
2065,-1.0,-1.0,-1.0,-1.0,0.0,-1.0,1.0,0.0,0.0,-1.0,1.0,-1.0
2076,0.0,-1.0,-1.0,-1.0,-1.0,-1.0,-1.0,-1.0,-1.0,-1.0,0.0,0.0
2083,2.0,-1.0,0.0,1.0,2.0,-1.0,1.0,0.0,-1.0,0.0,2.0,2.0
2085,-1.0,-1.0,-1.0,1.0,2.0,-1.0,0.0,-1.0,-1.0,0.0,1.0,-1.0
2093,1.0,-1.0,-1.0,0.0,2.0,-1.0,0.0,-1.0,-1.0,-1.0,2.0,2.0
2095,2.0,-1.0,-1.0,-1.0,1.0,-1.0,2.0,1.0,-1.0,-1.0,2.0,2.0
2097,2.0,-1.0,-1.0,-1.0,-1.0,-1.0,0.0,-1.0,-1.0,-1.0,2.0,2.0
2104,-1.0,-1.0,1.0,-1.0,-1.0,0.0,-1.0,0.0,1.0,2.0,-1.0,-1.0
2105,1.0,0.0,-1.0,0.0,1.0,-1.0,0.0,0.0,-1.0,0.0,2.0,2.0
2106,0.0,-1.0,-1.0,0.0,2.0,-1.0,1.0,-1.0,-1.0,-1.0,1.0,0.0
2108,0.0,1.0,-1.0,1.0,1.0,-1.0,-1.0,0.0,-1.0,-1.0,2.0,-1.0
2112,,-1.0,-1.0,,1.0,-1.0,,,-1.0,-1.0,2.0,
2113,0.0,-1.0,-1.0,2.0,1.0,-1.0,0.0,2.0,-1.0,0.0,-1.0,1.0
2119,0.0,-1.0,-1.0,1.0,2.0,-1.0,1.0,-1.0,-1.0,1.0,2.0,1.0
2120,0.0,0.0,0.0,0.0,,-1.0,0.0,1.0,0.0,1.0,2.0,0.0
2121,0.0,0.0,0.0,-1.0,1.0,-1.0,-1.0,-1.0,1.0,2.0,2.0,-1.0
2127,-1.0,-1.0,-1.0,1.0,2.0,-1.0,1.0,0.0,-1.0,0.0,2.0,0.0
2128,1.0,-1.0,1.0,1.0,-1.0,1.0,-1.0,-1.0,1.0,1.0,1.0,-1.0
2131,1.0,-1.0,-1.0,0.0,1.0,-1.0,1.0,0.0,-1.0,-1.0,2.0,2.0
2132,-1.0,-1.0,0.0,0.0,1.0,0.0,-1.0,-1.0,0.0,2.0,-1.0,-1.0
2133,-1.0,-1.0,0.0,-1.0,-1.0,-1.0,0.0,0.0,-1.0,2.0,0.0,1.0
2134,-1.0,-1.0,1.0,1.0,1.0,-1.0,-1.0,-1.0,-1.0,2.0,-1.0,-1.0
2136,0.0,-1.0,-1.0,1.0,2.0,-1.0,1.0,-1.0,-1.0,1.0,0.0,0.0
2139,0.0,-1.0,0.0,1.0,2.0,-1.0,1.0,-1.0,-1.0,1.0,2.0,2.0
2145,1.0,-1.0,-1.0,-1.0,-1.0,-1.0,2.0,0.0,-1.0,-1.0,0.0,1.0
2146,0.0,0.0,-1.0,-1.0,-1.0,-1.0,1.0,,-1.0,-1.0,2.0,0.0
2149,-1.0,1.0,1.0,-1.0,-1.0,2.0,0.0,0.0,1.0,-1.0,-1.0,-1.0
2156,-1.0,-1.0,-1.0,0.0,1.0,-1.0,-1.0,1.0,-1.0,1.0,2.0,-1.0
2157,0.0,-1.0,-1.0,0.0,1.0,-1.0,0.0,-1.0,-1.0,2.0,0.0,0.0
2162,-1.0,-1.0,1.0,-1.0,1.0,2.0,-1.0,1.0,2.0,2.0,2.0,-1.0
2166,-1.0,-1.0,-1.0,-1.0,-1.0,0.0,-1.0,0.0,0.0,2.0,0.0,-1.0
2169,-1.0,1.0,1.0,0.0,1.0,-1.0,-1.0,-1.0,-1.0,2.0,0.0,-1.0
2172,0.0,-1.0,,0.0,-1.0,-1.0,0.0,-1.0,-1.0,-1.0,2.0,1.0
2173,-1.0,-1.0,1.0,,1.0,-1.0,-1.0,0.0,-1.0,2.0,0.0,-1.0
2175,1.0,-1.0,-1.0,1.0,2.0,-1.0,1.0,-1.0,-1.0,-1.0,2.0,1.0
2176,-1.0,-1.0,0.0,1.0,0.0,1.0,-1.0,0.0,2.0,0.0,2.0,-1.0
2178,-1.0,-1.0,-1.0,-1.0,-1.0,-1.0,-1.0,-1.0,-1.0,-1.0,2.0,0.0
2181,-1.0,-1.0,-1.0,-1.0,,-1.0,1.0,-1.0,-1.0,1.0,2.0,1.0
2182,-1.0,-1.0,-1.0,-1.0,-1.0,-1.0,-1.0,-1.0,-1.0,-1.0,2.0,-1.0
2184,0.0,,,1.0,1.0,,1.0,,,0.0,1.0,1.0
2185,-1.0,2.0,-1.0,-1.0,0.0,2.0,-1.0,0.0,2.0,-1.0,0.0,-1.0
2187,-1.0,-1.0,0.0,2.0,2.0,-1.0,1.0,-1.0,-1.0,2.0,1.0,0.0
2189,1.0,-1.0,-1.0,0.0,1.0,-1.0,1.0,0.0,-1.0,0.0,2.0,1.0
2190,-1.0,-1.0,-1.0,-1.0,0.0,-1.0,0.0,-1.0,-1.0,-1.0,2.0,1.0
2193,0.0,-1.0,-1.0,0.0,-1.0,-1.0,2.0,-1.0,-1.0,-1.0,0.0,0.0
2196,,,,2.0,2.0,,,,,1.0,0.0,
2200,1.0,-1.0,-1.0,0.0,2.0,-1.0,1.0,1.0,-1.0,-1.0,2.0,2.0
2205,0.0,-1.0,-1.0,0.0,1.0,-1.0,0.0,-1.0,-1.0,0.0,2.0,0.0
2206,0.0,-1.0,1.0,2.0,2.0,-1.0,2.0,-1.0,-1.0,1.0,2.0,0.0
2207,2.0,-1.0,-1.0,-1.0,-1.0,-1.0,,,-1.0,-1.0,2.0,2.0
2210,2.0,-1.0,1.0,1.0,0.0,-1.0,-1.0,1.0,-1.0,-1.0,1.0,0.0
2211,-1.0,-1.0,0.0,0.0,1.0,-1.0,1.0,0.0,-1.0,2.0,-1.0,-1.0
2214,1.0,-1.0,0.0,2.0,1.0,-1.0,1.0,0.0,-1.0,0.0,2.0,1.0
2217,0.0,1.0,-1.0,-1.0,1.0,0.0,2.0,2.0,1.0,-1.0,-1.0,0.0
2218,-1.0,0.0,0.0,0.0,2.0,-1.0,-1.0,-1.0,-1.0,0.0,1.0,-1.0
2220,0.0,-1.0,-1.0,0.0,0.0,-1.0,-1.0,0.0,-1.0,-1.0,2.0,2.0
2223,-1.0,-1.0,0.0,1.0,2.0,-1.0,2.0,-1.0,-1.0,1.0,0.0,-1.0
2226,,,0.0,0.0,0.0,,,,,2.0,,
2230,1.0,-1.0,-1.0,-1.0,0.0,-1.0,0.0,0.0,-1.0,-1.0,2.0,1.0
2234,-1.0,2.0,0.0,-1.0,-1.0,1.0,0.0,2.0,2.0,-1.0,-1.0,-1.0
2236,-1.0,-1.0,0.0,1.0,2.0,-1.0,0.0,-1.0,-1.0,0.0,2.0,-1.0
2240,0.0,-1.0,-1.0,1.0,1.0,-1.0,0.0,-1.0,-1.0,-1.0,2.0,0.0
2245,,,,1.0,1.0,,,,,,2.0,1.0
2252,1.0,-1.0,-1.0,-1.0,0.0,-1.0,1.0,-1.0,-1.0,-1.0,2.0,2.0
2254,2.0,-1.0,-1.0,-1.0,-1.0,-1.0,-1.0,-1.0,-1.0,-1.0,-1.0,1.0
2255,1.0,-1.0,-1.0,0.0,0.0,-1.0,1.0,-1.0,-1.0,-1.0,2.0,2.0
2256,0.0,-1.0,-1.0,1.0,0.0,-1.0,-1.0,-1.0,0.0,-1.0,2.0,1.0
2257,1.0,-1.0,0.0,0.0,1.0,-1.0,1.0,0.0,-1.0,0.0,2.0,2.0
2258,-1.0,-1.0,-1.0,2.0,0.0,-1.0,2.0,-1.0,-1.0,1.0,0.0,1.0
2259,-1.0,-1.0,-1.0,0.0,0.0,-1.0,-1.0,-1.0,-1.0,2.0,2.0,0.0
2265,1.0,,,,,,1.0,,,,2.0,1.0
2266,0.0,,,0.0,1.0,-1.0,1.0,1.0,,0.0,1.0,0.0
2275,-1.0,-1.0,1.0,-1.0,-1.0,2.0,-1.0,2.0,0.0,-1.0,0.0,-1.0
2278,-1.0,-1.0,1.0,1.0,,-1.0,1.0,-1.0,-1.0,2.0,-1.0,-1.0
2279,1.0,-1.0,-1.0,0.0,1.0,-1.0,1.0,0.0,-1.0,-1.0,2.0,1.0
2286,-1.0,-1.0,0.0,0.0,2.0,1.0,-1.0,0.0,-1.0,2.0,1.0,-1.0
2291,1.0,-1.0,-1.0,1.0,2.0,-1.0,1.0,0.0,-1.0,-1.0,2.0,2.0
2294,0.0,-1.0,-1.0,1.0,1.0,-1.0,0.0,-1.0,-1.0,-1.0,2.0,1.0
2295,2.0,-1.0,-1.0,0.0,1.0,-1.0,1.0,-1.0,-1.0,-1.0,2.0,2.0
2300,0.0,-1.0,-1.0,0.0,1.0,-1.0,0.0,0.0,-1.0,-1.0,2.0,2.0
2304,0.0,-1.0,1.0,0.0,2.0,-1.0,0.0,-1.0,-1.0,1.0,-1.0,-1.0
